Commit_SHA,Parent_SHA,File_Path,File_Name,Tool,Status,Additions,Deletions,Changes,BLOC_Before,BLOC_After,Cyclomatic_Complexity_Before,Cyclomatic_Complexity_After,Normalized_CC_Before,Normalized_CC_After,Halstead_Volume_Before,Halstead_Volume_After,Normalized_HV_Before,Normalized_HV_After,Dependency_Count_Before,Dependency_Count_After,Fixed_Dependency_Count_Before,Fixed_Dependency_Count_After,Dynamic_Dependency_Count_Before,Dynamic_Dependency_Count_After,Snapshot_Dependency_Count_Before,Snapshot_Dependency_Count_After,Unknown_Dependency_Count_Before,Unknown_Dependency_Count_After,DSS_Before,DSS_After,DSS_Delta,Non_Deterministic_Constructs_Before,Non_Deterministic_Constructs_After,Non_Deterministic_Summary_Before,Non_Deterministic_Summary_After,BDS_Before,BDS_After,BDS_Delta,Comment_Ratio_Before,Comment_Ratio_After,Comment_Readability_Before,Comment_Readability_After,Style_Conformance_Score_Before,Style_Conformance_Score_After,Clone_Density_Before,Clone_Density_After,CP_Internal_Before,CP_Internal_After,CP_External_Before,CP_External_After,CP_Total_Before,CP_Total_After,NCP_Internal_Before,NCP_Internal_After,NCP_External_Before,NCP_External_After,Coupling_Ratio_Before,Coupling_Ratio_After,External_Risk_Factors_Before,External_Risk_Factors_After,EDR_Before,EDR_After,EDR_Delta,Build_Cohesion_Before,Build_Cohesion_After,Build_Modularity_Before,Build_Modularity_After,Churn_Before,Churn_After,Change_Frequency_Before,Change_Frequency_After,Avg_Logical_LOC_Before,Avg_Logical_LOC_After,Normalized_Churn_Before,Normalized_Churn_After,Normalized_Change_Frequency_Before,Normalized_Change_Frequency_After,Observation_Window_Days,Reliability_Issues_Before,Reliability_Issues_After,RE_Before,RE_After,RE_Delta,RM_Before,RM_After,RM_Delta,Before_Smell_Count,After_Smell_Count,Before_Smell_Density,After_Smell_Density,Before_Smell_Summary,After_Smell_Summary,Smell_Count_Delta,Smell_Density_Delta,Introduced_Smells,Removed_Smells,Before_Security_Smell_Count,After_Security_Smell_Count,Before_Security_Smell_Density,After_Security_Smell_Density,Before_Security_Smell_Summary,After_Security_Smell_Summary,Security_Smell_Count_Delta,Security_Smell_Density_Delta,Introduced_Security_Smells,Removed_Security_Smells,Before_EMPTY_INCOMPLETE_TAGS,Before_INCONSISTENT_DEPENDENCY_MANAGEMENT,Before_LACK_OF_ERROR_HANDLING,Before_MISSING_DEPENDENCY_VERSION,Before_SUSPICIOUS_COMMENTS,Before_DEPRECATED_DEPENDENCIES,Before_OUTDATED_DEPENDENCIES,After_EMPTY_INCOMPLETE_TAGS,After_INCONSISTENT_DEPENDENCY_MANAGEMENT,After_LACK_OF_ERROR_HANDLING,After_MISSING_DEPENDENCY_VERSION,After_SUSPICIOUS_COMMENTS,After_DEPRECATED_DEPENDENCIES,After_OUTDATED_DEPENDENCIES,Before_HARDCODED_CREDENTIALS,Before_INSECURE_URLS,Before_WILDCARD_USAGE,Before_HARDCODED_PATHS_AND_URLS,After_HARDCODED_CREDENTIALS,After_INSECURE_URLS,After_WILDCARD_USAGE,After_HARDCODED_PATHS_AND_URLS
75b2e5cc9734bb3db49ce118b9e2935ed7d90e77,52b0cc035507178ee02433f109d3ae483c9ba7cf,ReactAndroid/build.gradle,build.gradle,Gradle,modified,4,28,32,450,431,47,45,0.1044,0.1044,30347.84,28714.93,67.4396,66.624,25,25,10,10,0,0,0,0,15,15,0.4,0.4,0.0,0,0,,,1.0,1.0,0.0,0.0455,0.0475,55.67,52.0,0.95,0.95,0.0,0.0,2,2,96,94,98,96,0.0044,0.0046,0.2133,0.2181,0.9796,0.9792,96,94,0.9796,0.9792,-0.0004,0.253,0.253,0.0,0.0,152,152,5,5,442.8,442.8,0.3433,0.3433,1.1292,1.1292,30,12,10,0.9733,0.9768,0.0035,0.4646,0.4659,0.0013,4,4,0.0089,0.0093,,,0,0.0004,0,0,12,10,0.0267,0.0232,HARDCODED_PATHS_AND_URLS;WILDCARD_USAGE,HARDCODED_PATHS_AND_URLS;WILDCARD_USAGE,-2,-0.0035,0,1,0,0,0,0,1,0,0,0,0,0,0,1,0,0,0,0,1,1,0,0,1,1
75b2e5cc9734bb3db49ce118b9e2935ed7d90e77,52b0cc035507178ee02433f109d3ae483c9ba7cf,__COMMIT_TOTAL__,__COMMIT_TOTAL__,ALL,SUMMARY,4,28,32,450,431,47,45,0.1044,0.1044,30347.84,28714.93,67.4396,66.624,25,25,10,10,0,0,0,0,15,15,0.4,0.4,0.0,0,0,,,1.0,1.0,0.0,0.0455,0.0475,55.67,52.0,,,,,2,2,96,94,98,96,0.0044,0.0046,0.2133,0.2181,0.9796,0.9792,96,94,0.9796,0.9792,-0.0004,,,0.0,0.0,152,152,5,5,,,,,,,30,12,10,0.9733,0.9768,0.0035,0.4646,0.4659,0.0013,4,4,0.0089,0.0093,,,0,0.0004,0,0,12,10,0.0267,0.0232,HARDCODED_PATHS_AND_URLS;WILDCARD_USAGE,HARDCODED_PATHS_AND_URLS;WILDCARD_USAGE,-2,-0.0035,0,1,0,0,0,0,1,0,0,0,0,0,0,1,0,0,0,0,1,1,0,0,1,1
3529583bdcc11a846a7664c7deb9010c82faaaa7,118a86cc23d4185cb88ae3c5f68a594ebaf0c4c8,build.gradle,build.gradle,Gradle,modified,1,1,2,150,150,9,9,0.06,0.06,7535.05,7535.05,50.2337,50.2337,0,0,0,0,0,0,0,0,0,0,0.0,0.0,0.0,0,0,,,1.0,1.0,0.0,0.1443,0.1443,60.44,60.44,0.97,0.97,0.044,0.044,0,0,14,14,14,14,0.0,0.0,0.0933,0.0933,1.0,1.0,14,14,1.0,1.0,0.0,0.0,0.0,0.0,0.0,0,2,0,1,0.0,150.0,0.0,0.0133,0.0,0.6667,30,14,14,0.9067,0.9067,0.0,0.3022,0.3022,0.0,5,5,0.0333,0.0333,,,0,0.0,0,0,14,14,0.0933,0.0933,HARDCODED_CREDENTIALS;HARDCODED_PATHS_AND_URLS;INSECURE_URLS,HARDCODED_CREDENTIALS;HARDCODED_PATHS_AND_URLS;INSECURE_URLS,0,0.0,0,0,0,0,0,0,1,0,0,0,0,0,0,1,0,0,1,1,0,1,1,1,0,1
3529583bdcc11a846a7664c7deb9010c82faaaa7,118a86cc23d4185cb88ae3c5f68a594ebaf0c4c8,cloudant-client/build.gradle,build.gradle,Gradle,modified,45,26,71,119,126,7,10,0.0588,0.0794,5070.62,6235.25,42.6103,49.4861,6,7,6,7,0,0,0,0,0,0,1.0,1.0,0.0,0,0,,,1.0,1.0,0.0,0.109,0.1543,54.16,56.52,0.87,0.85,0.0,0.0,0,0,16,18,16,18,0.0,0.0,0.1345,0.1429,1.0,1.0,15,17,0.9375,0.9444,0.0069,0.0,1.0,0.0,0.0,0,71,0,1,0.0,126.0,0.0,0.5635,0.0,0.7937,30,5,6,0.958,0.9524,-0.0056,0.6735,0.6693,-0.0042,4,5,0.0336,0.0397,,,1,0.0061,1,0,5,6,0.042,0.0476,HARDCODED_PATHS_AND_URLS;INSECURE_URLS,HARDCODED_PATHS_AND_URLS;INSECURE_URLS,1,0.0056,1,0,0,0,0,0,1,0,0,0,0,0,0,1,0,0,0,1,0,1,0,1,0,1
3529583bdcc11a846a7664c7deb9010c82faaaa7,118a86cc23d4185cb88ae3c5f68a594ebaf0c4c8,__COMMIT_TOTAL__,__COMMIT_TOTAL__,ALL,SUMMARY,46,27,73,269,276,16,19,0.0595,0.0688,12605.67,13770.3,46.8612,49.8924,6,7,6,7,0,0,0,0,0,0,1.0,1.0,0.0,0,0,,,1.0,1.0,0.0,0.1289,0.1489,58.16,58.85,,,,,0,0,30,32,30,32,0.0,0.0,0.1115,0.1159,1.0,1.0,29,31,0.9667,0.9688,0.0021,,,0.0,0.0,0,73,0,2,,,,,,,30,19,20,0.9294,0.9275,-0.0019,0.6542,0.6529,-0.0013,9,10,0.0335,0.0362,,,1,0.0027,1,0,19,20,0.0706,0.0725,HARDCODED_CREDENTIALS;HARDCODED_PATHS_AND_URLS;INSECURE_URLS,HARDCODED_CREDENTIALS;HARDCODED_PATHS_AND_URLS;INSECURE_URLS,1,0.0019,1,0,0,0,0,0,1,0,0,0,0,0,0,1,0,0,1,1,0,1,1,1,0,1
0bd7cd766513926085c9eac3ed865bbe936f9ace,0475b6206f11a57c974cda0fdd9d76bff9fc7eff,app/build.gradle,build.gradle,Gradle,modified,4,4,8,69,69,1,1,0.0145,0.0145,3692.57,3774.58,53.5155,54.7041,18,18,18,18,0,0,0,0,0,0,1.0,1.0,0.0,0,0,,,1.0,1.0,0.0,0.1333,0.1333,40.25,40.25,1.0,1.0,0.0,0.0,0,0,43,42,43,42,0.0,0.0,0.6232,0.6087,1.0,1.0,43,42,1.0,1.0,0.0,0.0,0.0,0.0,0.0,131,139,14,15,52.9286,54.0,2.475,2.5741,26.4507,27.7778,30,3,1,0.9565,0.9855,0.029,0.6522,0.6618,0.0096,2,2,0.029,0.029,,,0,0.0,0,0,3,1,0.0435,0.0145,HARDCODED_CREDENTIALS;WILDCARD_USAGE,WILDCARD_USAGE,-2,-0.029,0,1,0,0,0,0,1,0,0,0,0,0,0,1,0,0,1,0,1,0,0,0,1,0
0bd7cd766513926085c9eac3ed865bbe936f9ace,0475b6206f11a57c974cda0fdd9d76bff9fc7eff,__COMMIT_TOTAL__,__COMMIT_TOTAL__,ALL,SUMMARY,4,4,8,69,69,1,1,0.0145,0.0145,3692.57,3774.58,53.5155,54.7041,18,18,18,18,0,0,0,0,0,0,1.0,1.0,0.0,0,0,,,1.0,1.0,0.0,0.1333,0.1333,40.25,40.25,,,,,0,0,43,42,43,42,0.0,0.0,0.6232,0.6087,1.0,1.0,43,42,1.0,1.0,0.0,,,0.0,0.0,131,139,14,15,,,,,,,30,3,1,0.9565,0.9855,0.029,0.6522,0.6618,0.0096,2,2,0.029,0.029,,,0,0.0,0,0,3,1,0.0435,0.0145,HARDCODED_CREDENTIALS;WILDCARD_USAGE,WILDCARD_USAGE,-2,-0.029,0,1,0,0,0,0,1,0,0,0,0,0,0,1,0,0,1,0,1,0,0,0,1,0
77bb3fc79952c18d3d8e5290b0f5ec8500bb7703,5f2555bed379cf40b66ac451adb9d86127dde3dc,app/build.gradle,build.gradle,Gradle,modified,79,18,97,39,89,1,1,0.0256,0.0112,1818.15,4256.11,46.6192,47.8215,13,23,12,14,0,0,1,0,0,9,0.9231,0.6087,-0.3144,0,0,,,1.0,1.0,0.0,0.0,0.0291,0.0,3.34,1.0,0.97,0.0,0.112,0,0,29,51,29,51,0.0,0.0,0.7436,0.573,1.0,1.0,29,51,1.0,1.0,0.0,0.0,0.0,0.0,0.0,25,25,3,3,88.0,88.0,0.2841,0.2841,3.4091,3.4091,30,1,1,0.9744,0.9888,0.0144,0.6325,0.5325,-0.1,1,1,0.0256,0.0112,,,0,-0.0144,0,0,1,1,0.0256,0.0112,WILDCARD_USAGE,WILDCARD_USAGE,0,-0.0144,0,0,0,1,0,0,0,0,0,0,1,0,0,0,0,0,0,0,1,0,0,0,1,0
77bb3fc79952c18d3d8e5290b0f5ec8500bb7703,5f2555bed379cf40b66ac451adb9d86127dde3dc,build.gradle,build.gradle,Gradle,modified,4,1,5,18,20,1,1,0.0556,0.05,495.0,619.92,27.5,30.996,0,0,0,0,0,0,0,0,0,0,0.0,0.0,0.0,0,0,,,1.0,1.0,0.0,0.0435,0.0385,64.45,64.45,1.0,1.0,0.0,0.0,0,0,4,4,4,4,0.0,0.0,0.2222,0.2,1.0,1.0,4,4,1.0,1.0,0.0,0.0,0.0,0.0,0.0,4,4,1,1,20.0,20.0,0.2,0.2,5.0,5.0,30,1,1,0.9444,0.95,0.0056,0.3148,0.3167,0.0019,0,0,0.0,0.0,,,0,0.0,0,0,1,1,0.0556,0.05,HARDCODED_PATHS_AND_URLS,HARDCODED_PATHS_AND_URLS,0,-0.0056,0,0,0,0,0,0,0,0,0,0,0,0,0,0,0,0,0,0,0,1,0,0,0,1
77bb3fc79952c18d3d8e5290b0f5ec8500bb7703,5f2555bed379cf40b66ac451adb9d86127dde3dc,__COMMIT_TOTAL__,__COMMIT_TOTAL__,ALL,SUMMARY,83,19,102,57,109,2,2,0.0351,0.0183,2313.15,4876.03,40.5816,44.7342,13,23,12,14,0,0,1,0,0,9,0.9231,0.6087,-0.3144,0,0,,,1.0,1.0,0.0,0.0154,0.031,64.45,49.17,,,,,0,0,33,55,33,55,0.0,0.0,0.5789,0.5046,1.0,1.0,33,55,1.0,1.0,0.0,,,0.0,0.0,29,29,4,4,,,,,,,30,2,2,0.9649,0.9817,0.0168,0.6293,0.5301,-0.0992,1,1,0.0175,0.0092,,,0,-0.0083,0,0,2,2,0.0351,0.0183,HARDCODED_PATHS_AND_URLS;WILDCARD_USAGE,HARDCODED_PATHS_AND_URLS;WILDCARD_USAGE,0,-0.0168,0,0,0,1,0,0,0,0,0,0,1,0,0,0,0,0,0,0,1,1,0,0,1,1
4f03800c1236a947e831b3fa372720ca75071b77,ad29434ac054b0c858b979801bf00a04ee977861,build.gradle,build.gradle,Gradle,modified,5,6,11,78,79,2,2,0.0256,0.0253,4434.99,4604.38,56.8588,58.2833,3,3,1,1,0,0,0,0,2,2,0.3333,0.3333,0.0,0,0,,,1.0,1.0,0.0,0.1,0.1009,46.51,46.51,0.45,0.46,0.078,0.0,0,0,16,16,16,16,0.0,0.0,0.2051,0.2025,1.0,1.0,15,15,0.9375,0.9375,0.0,0.0,0.0,0.0,0.0,75,75,10,10,81.6,81.6,0.9191,0.9191,12.2549,12.2549,30,1,1,0.9872,0.9873,0.0001,0.461,0.461,0.0,2,2,0.0256,0.0253,,,0,-0.0003,0,0,1,1,0.0128,0.0127,HARDCODED_PATHS_AND_URLS,HARDCODED_PATHS_AND_URLS,0,-0.0001,0,0,0,1,0,0,1,0,0,0,1,0,0,1,0,0,0,0,0,1,0,0,0,1
4f03800c1236a947e831b3fa372720ca75071b77,ad29434ac054b0c858b979801bf00a04ee977861,buildSrc/build.gradle,build.gradle,Gradle,modified,2,5,7,48,46,1,1,0.0208,0.0217,2182.68,2114.24,45.4725,45.9617,7,7,2,2,0,0,0,0,5,5,0.2857,0.2857,0.0,0,0,,,1.0,1.0,0.0,0.2824,0.2927,45.93,45.13,0.46,0.46,0.0,0.0,0,0,23,22,23,22,0.0,0.0,0.4792,0.4783,1.0,1.0,23,22,1.0,1.0,0.0,0.0,0.0,0.0,0.0,15,15,4,4,47.0,47.0,0.3191,0.3191,8.5106,8.5106,30,3,3,0.9375,0.9348,-0.0027,0.4077,0.4068,-0.0009,2,2,0.0417,0.0435,,,0,0.0018,0,0,3,3,0.0625,0.0652,HARDCODED_PATHS_AND_URLS;INSECURE_URLS,HARDCODED_PATHS_AND_URLS;INSECURE_URLS,0,0.0027,0,0,0,1,0,0,1,0,0,0,1,0,0,1,0,0,0,1,0,1,0,1,0,1
4f03800c1236a947e831b3fa372720ca75071b77,ad29434ac054b0c858b979801bf00a04ee977861,project/deviceComponents/deviceControlDaemon/build.gradle,build.gradle,Gradle,modified,1,0,1,61,62,1,1,0.0164,0.0161,2786.41,2893.84,45.6789,46.6748,8,8,7,7,0,0,0,0,1,1,0.875,0.875,0.0,0,0,,,1.0,1.0,0.0,0.2828,0.28,45.35,45.35,0.36,0.37,0.0,0.0,0,0,25,25,25,25,0.0,0.0,0.4098,0.4032,1.0,1.0,24,24,0.96,0.96,0.0,0.0,0.0,0.0,0.0,5,5,2,2,61.5,61.5,0.0813,0.0813,3.252,3.252,30,3,3,0.9508,0.9516,0.0008,0.6219,0.6222,0.0003,1,1,0.0164,0.0161,,,0,-0.0003,0,0,3,3,0.0492,0.0484,HARDCODED_PATHS_AND_URLS;INSECURE_URLS,HARDCODED_PATHS_AND_URLS;INSECURE_URLS,0,-0.0008,0,0,0,0,0,0,1,0,0,0,0,0,0,1,0,0,0,1,0,1,0,1,0,1
4f03800c1236a947e831b3fa372720ca75071b77,ad29434ac054b0c858b979801bf00a04ee977861,project/deviceComponents/deviceControlDaemon/settings.gradle,settings.gradle,Gradle,modified,1,4,5,13,11,1,1,0.0769,0.0909,220.0,129.52,16.9231,11.7745,0,0,0,0,0,0,0,0,0,0,0.0,0.0,0.0,0,0,,,1.0,1.0,0.0,0.5854,0.6316,46.98,46.98,0.92,1.0,0.0,0.0,0,0,1,1,1,1,0.0,0.0,0.0769,0.0909,1.0,1.0,0,0,0.0,0.0,0.0,0.0,0.0,0.0,0.0,5,5,1,1,11.0,11.0,0.4545,0.4545,9.0909,9.0909,30,5,5,0.6154,0.5455,-0.0699,0.5385,0.5152,-0.0233,1,1,0.0769,0.0909,,,0,0.014,0,0,5,5,0.3846,0.4545,HARDCODED_PATHS_AND_URLS;INSECURE_URLS,HARDCODED_PATHS_AND_URLS;INSECURE_URLS,0,0.0699,0,0,0,0,0,0,1,0,0,0,0,0,0,1,0,0,0,1,0,1,0,1,0,1
4f03800c1236a947e831b3fa372720ca75071b77,ad29434ac054b0c858b979801bf00a04ee977861,project/pcComponents/core/build.gradle,build.gradle,Gradle,modified,1,0,1,63,64,1,1,0.0159,0.0156,2314.05,2365.14,36.731,36.9553,21,21,20,20,0,0,0,0,1,1,0.9524,0.9524,0.0,0,0,,,1.0,1.0,0.0,0.2712,0.2689,40.67,40.67,0.4,0.39,0.0,0.0,0,0,45,46,45,46,0.0,0.0,0.7143,0.7188,1.0,1.0,43,44,0.9556,0.9565,0.0009,0.0,0.0,0.0,0.0,5,5,3,3,64.3333,64.3333,0.0777,0.0777,4.6632,4.6632,30,6,6,0.9048,0.9062,0.0014,0.6339,0.634,0.0001,1,1,0.0159,0.0156,,,0,-0.0003,0,0,6,6,0.0952,0.0938,HARDCODED_PATHS_AND_URLS;INSECURE_URLS,HARDCODED_PATHS_AND_URLS;INSECURE_URLS,0,-0.0014,0,0,0,0,0,0,1,0,0,0,0,0,0,1,0,0,0,1,0,1,0,1,0,1
4f03800c1236a947e831b3fa372720ca75071b77,ad29434ac054b0c858b979801bf00a04ee977861,versions.gradle,versions.gradle,Gradle,modified,1,1,2,10,10,1,1,0.1,0.1,250.36,250.36,25.036,25.036,0,0,0,0,0,0,0,0,0,0,0.0,0.0,0.0,0,0,,,1.0,1.0,0.0,0.0714,0.0714,64.63,64.63,0.2,0.2,0.0,0.0,0,0,0,0,0,0,0.0,0.0,0.0,0.0,0.0,0.0,0,0,0.0,0.0,0.0,0.0,0.0,0.0,0.0,13,13,6,6,10.0,10.0,1.3,1.3,60.0,60.0,30,0,0,1.0,1.0,0.0,0.6667,0.6667,0.0,0,0,0.0,0.0,,,0,0.0,0,0,0,0,0.0,0.0,,,0,0.0,0,0,0,0,0,0,0,0,0,0,0,0,0,0,0,0,0,0,0,0,0,0,0,0
4f03800c1236a947e831b3fa372720ca75071b77,ad29434ac054b0c858b979801bf00a04ee977861,__COMMIT_TOTAL__,__COMMIT_TOTAL__,ALL,SUMMARY,11,16,27,273,272,7,7,0.0256,0.0257,12188.49,12357.48,44.6465,45.4319,39,39,30,30,0,0,0,0,9,9,0.7692,0.7692,0.0,0,0,,,1.0,1.0,0.0,0.257,0.2597,45.46,45.35,,,,,0,0,110,110,110,110,0.0,0.0,0.4029,0.4044,1.0,1.0,105,105,0.9545,0.9545,0.0,,,0.0,0.0,118,118,26,26,,,,,,,30,18,18,0.9341,0.9338,-0.0003,0.5829,0.5828,-0.0001,7,7,0.0256,0.0257,,,0,0.0001,0,0,18,18,0.0659,0.0662,HARDCODED_PATHS_AND_URLS;INSECURE_URLS,HARDCODED_PATHS_AND_URLS;INSECURE_URLS,0,0.0003,0,0,0,1,0,0,1,0,0,0,1,0,0,1,0,0,0,1,0,1,0,1,0,1
2db614bf4ea19572e49994d9d18e90acaf882147,69e0a4f0b68f0549c083f94b4db16cf62f4be4ae,sample/build.gradle,build.gradle,Gradle,modified,6,2,8,25,28,1,1,0.04,0.0357,820.99,929.17,32.8396,33.1846,2,2,2,2,0,0,0,0,0,0,1.0,1.0,0.0,0,0,,,1.0,1.0,0.0,0.0,0.0,0.0,0.0,1.0,1.0,0.0,0.0,0,0,7,7,7,7,0.0,0.0,0.28,0.25,1.0,1.0,6,6,0.8571,0.8571,0.0,0.0,0.0,0.0,0.0,19,27,9,10,24.1111,24.5,0.788,1.102,37.3272,40.8163,30,0,0,1.0,1.0,0.0,0.7143,0.7143,0.0,0,0,0.0,0.0,,,0,0.0,0,0,0,0,0.0,0.0,,,0,0.0,0,0,0,0,0,0,0,0,0,0,0,0,0,0,0,0,0,0,0,0,0,0,0,0
2db614bf4ea19572e49994d9d18e90acaf882147,69e0a4f0b68f0549c083f94b4db16cf62f4be4ae,__COMMIT_TOTAL__,__COMMIT_TOTAL__,ALL,SUMMARY,6,2,8,25,28,1,1,0.04,0.0357,820.99,929.17,32.8396,33.1846,2,2,2,2,0,0,0,0,0,0,1.0,1.0,0.0,0,0,,,1.0,1.0,0.0,0.0,0.0,0.0,0.0,,,,,0,0,7,7,7,7,0.0,0.0,0.28,0.25,1.0,1.0,6,6,0.8571,0.8571,0.0,,,0.0,0.0,19,27,9,10,,,,,,,30,0,0,1.0,1.0,0.0,0.7143,0.7143,0.0,0,0,0.0,0.0,,,0,0.0,0,0,0,0,0.0,0.0,,,0,0.0,0,0,0,0,0,0,0,0,0,0,0,0,0,0,0,0,0,0,0,0,0,0,0,0
60685c95bdece53d102a7ef3c153633b7b441033,026088e253294657462848bf6c09fc792255cc90,build.gradle,build.gradle,Gradle,modified,4,8,12,21,18,1,1,0.0476,0.0556,677.26,650.73,32.2505,36.1517,0,0,0,0,0,0,0,0,0,0,0.0,0.0,0.0,0,0,,,1.0,1.0,0.0,0.0,0.0,0.0,0.0,1.0,1.0,0.0,0.0,0,0,4,3,4,3,0.0,0.0,0.1905,0.1667,1.0,1.0,4,3,1.0,1.0,0.0,0.0,0.0,0.0,0.0,17,29,3,4,20.6667,20.0,0.8226,1.45,14.5161,20.0,30,1,0,0.9524,1.0,0.0476,0.3175,0.3333,0.0158,0,0,0.0,0.0,,,0,0.0,0,0,1,0,0.0476,0.0,HARDCODED_PATHS_AND_URLS,,-1,-0.0476,0,1,0,0,0,0,0,0,0,0,0,0,0,0,0,0,0,0,0,1,0,0,0,0
60685c95bdece53d102a7ef3c153633b7b441033,026088e253294657462848bf6c09fc792255cc90,demo/build.gradle,build.gradle,Gradle,modified,1,1,2,51,51,1,1,0.0196,0.0196,3485.63,3496.6,68.3457,68.5608,1,0,0,0,0,0,0,0,1,0,0.0,0.0,0.0,0,0,,,1.0,1.0,0.0,0.0,0.0,0.0,0.0,1.0,1.0,0.0,0.0,0,0,8,6,8,6,0.0,0.0,0.1569,0.1176,1.0,1.0,7,5,0.875,0.8333,-0.0417,0.0,0.0,0.0,0.0,131,133,4,5,53.5,53.0,2.4486,2.5094,7.4766,9.434,30,1,1,0.9804,0.9804,0.0,0.3685,0.3824,0.0139,0,0,0.0,0.0,,,0,0.0,0,0,1,1,0.0196,0.0196,WILDCARD_USAGE,WILDCARD_USAGE,0,0.0,0,0,0,0,0,0,0,0,0,0,0,0,0,0,0,0,0,0,1,0,0,0,1,0
60685c95bdece53d102a7ef3c153633b7b441033,026088e253294657462848bf6c09fc792255cc90,dependencies.gradle,dependencies.gradle,Gradle,modified,16,7,23,55,60,1,1,0.0182,0.0167,1650.12,1899.79,30.0022,31.6632,0,0,0,0,0,0,0,0,0,0,0.0,0.0,0.0,0,0,,,1.0,1.0,0.0,0.0,0.0,0.0,0.0,1.0,1.0,0.0,0.0,0,0,0,1,0,1,0.0,0.0,0.0,0.0167,0.0,1.0,0,1,0.0,1.0,1.0,0.0,0.0,0.0,0.0,63,86,1,2,55.0,57.5,1.1455,1.4957,1.8182,3.4783,30,0,1,1.0,0.9833,-0.0167,0.6667,0.3278,-0.3389,0,0,0.0,0.0,,,0,0.0,0,0,0,1,0.0,0.0167,,HARDCODED_PATHS_AND_URLS,1,0.0167,1,0,0,0,0,0,0,0,0,0,0,0,0,0,0,0,0,0,0,0,0,0,0,1
60685c95bdece53d102a7ef3c153633b7b441033,026088e253294657462848bf6c09fc792255cc90,library/build.gradle,build.gradle,Gradle,modified,1,2,3,34,33,1,1,0.0294,0.0303,1659.71,1635.03,48.815,49.5464,1,0,0,0,0,0,0,0,1,0,0.0,0.0,0.0,0,0,,,1.0,1.0,0.0,0.0,0.0,0.0,0.0,1.0,1.0,0.0,0.0,0,0,7,4,7,4,0.0,0.0,0.2059,0.1212,1.0,1.0,7,4,1.0,1.0,0.0,0.0,0.0,0.0,0.0,9,12,1,2,34.0,33.5,0.2647,0.3582,2.9412,5.9701,30,1,1,0.9706,0.9697,-0.0009,0.3235,0.3232,-0.0003,0,0,0.0,0.0,,,0,0.0,0,0,1,1,0.0294,0.0303,WILDCARD_USAGE,WILDCARD_USAGE,0,0.0009,0,0,0,0,0,0,0,0,0,0,0,0,0,0,0,0,0,0,1,0,0,0,1,0
60685c95bdece53d102a7ef3c153633b7b441033,026088e253294657462848bf6c09fc792255cc90,__COMMIT_TOTAL__,__COMMIT_TOTAL__,ALL,SUMMARY,22,18,40,161,162,4,4,0.0248,0.0247,7472.72,7682.15,46.4144,47.4207,2,0,0,0,0,0,0,0,2,0,0.0,0.0,0.0,0,0,,,1.0,1.0,0.0,0.0,0.0,0.0,0.0,,,,,0,0,19,14,19,14,0.0,0.0,0.118,0.0864,1.0,1.0,18,13,0.9474,0.9286,-0.0188,,,0.0,0.0,220,260,9,13,,,,,,,30,3,3,0.9814,0.9815,0.0001,0.3447,0.351,0.0063,0,0,0.0,0.0,,,0,0.0,0,0,3,3,0.0186,0.0185,HARDCODED_PATHS_AND_URLS;WILDCARD_USAGE,HARDCODED_PATHS_AND_URLS;WILDCARD_USAGE,0,-0.0001,0,0,0,0,0,0,0,0,0,0,0,0,0,0,0,0,0,0,1,1,0,0,1,1
31dbe22da1682dc548af1a03ed659d38373b450b,7cee8b8ff517a273049266db82f37e2264d69515,build.gradle,build.gradle,Gradle,modified,2,1,3,76,77,3,3,0.0395,0.039,3206.26,3253.23,42.1876,42.2497,0,0,0,0,0,0,0,0,0,0,0.0,0.0,0.0,0,0,,,1.0,1.0,0.0,0.011,0.0109,38.3,38.3,0.92,0.92,0.079,0.078,0,0,11,11,11,11,0.0,0.0,0.1447,0.1429,1.0,1.0,11,11,1.0,1.0,0.0,0.0,0.0,0.0,0.0,6,3,2,1,76.0,77.0,0.0789,0.039,2.6316,1.2987,30,9,9,0.8816,0.8831,0.0015,0.2939,0.2944,0.0005,0,0,0.0,0.0,,,0,0.0,0,0,9,9,0.1184,0.1169,HARDCODED_CREDENTIALS;HARDCODED_PATHS_AND_URLS;INSECURE_URLS;WILDCARD_USAGE,HARDCODED_CREDENTIALS;HARDCODED_PATHS_AND_URLS;INSECURE_URLS;WILDCARD_USAGE,0,-0.0015,0,0,0,0,0,0,0,0,0,0,0,0,0,0,0,0,1,1,1,1,1,1,1,1
31dbe22da1682dc548af1a03ed659d38373b450b,7cee8b8ff517a273049266db82f37e2264d69515,__COMMIT_TOTAL__,__COMMIT_TOTAL__,ALL,SUMMARY,2,1,3,76,77,3,3,0.0395,0.039,3206.26,3253.23,42.1876,42.2497,0,0,0,0,0,0,0,0,0,0,0.0,0.0,0.0,0,0,,,1.0,1.0,0.0,0.011,0.0109,38.3,38.3,,,,,0,0,11,11,11,11,0.0,0.0,0.1447,0.1429,1.0,1.0,11,11,1.0,1.0,0.0,,,0.0,0.0,6,3,2,1,,,,,,,30,9,9,0.8816,0.8831,0.0015,0.2939,0.2944,0.0005,0,0,0.0,0.0,,,0,0.0,0,0,9,9,0.1184,0.1169,HARDCODED_CREDENTIALS;HARDCODED_PATHS_AND_URLS;INSECURE_URLS;WILDCARD_USAGE,HARDCODED_CREDENTIALS;HARDCODED_PATHS_AND_URLS;INSECURE_URLS;WILDCARD_USAGE,0,-0.0015,0,0,0,0,0,0,0,0,0,0,0,0,0,0,0,0,1,1,1,1,1,1,1,1
354b5d5629dd28fad6943746051418bc716fe7f8,0af45926de5e70a254a22eebf36dc8617dac5685,elasticviews/build.gradle,build.gradle,Gradle,modified,2,2,4,29,29,1,1,0.0345,0.0345,1335.36,1335.36,46.0469,46.0469,2,2,0,0,0,0,0,0,2,2,0.0,0.0,0.0,0,0,,,1.0,1.0,0.0,0.0278,0.0278,0.0,0.0,1.0,1.0,0.0,0.0,0,0,15,15,15,15,0.0,0.0,0.5172,0.5172,1.0,1.0,15,15,1.0,1.0,0.0,0.0,0.0,0.0,0.0,1,5,1,2,29.0,29.0,0.0345,0.1724,3.4483,6.8966,30,0,0,1.0,1.0,0.0,0.3333,0.3333,0.0,0,0,0.0,0.0,,,0,0.0,0,0,0,0,0.0,0.0,,,0,0.0,0,0,0,0,0,0,0,0,0,0,0,0,0,0,0,0,0,0,0,0,0,0,0,0
354b5d5629dd28fad6943746051418bc716fe7f8,0af45926de5e70a254a22eebf36dc8617dac5685,__COMMIT_TOTAL__,__COMMIT_TOTAL__,ALL,SUMMARY,2,2,4,29,29,1,1,0.0345,0.0345,1335.36,1335.36,46.0469,46.0469,2,2,0,0,0,0,0,0,2,2,0.0,0.0,0.0,0,0,,,1.0,1.0,0.0,0.0278,0.0278,0.0,0.0,,,,,0,0,15,15,15,15,0.0,0.0,0.5172,0.5172,1.0,1.0,15,15,1.0,1.0,0.0,,,0.0,0.0,1,5,1,2,,,,,,,30,0,0,1.0,1.0,0.0,0.3333,0.3333,0.0,0,0,0.0,0.0,,,0,0.0,0,0,0,0,0.0,0.0,,,0,0.0,0,0,0,0,0,0,0,0,0,0,0,0,0,0,0,0,0,0,0,0,0,0,0,0
e7f29e455ad6cc76904e1368cae1a1b1af7399d6,48d1446a804724e287264a47f796d92617a22d7c,app/build.gradle,build.gradle,Gradle,modified,1,1,2,52,52,1,1,0.0192,0.0192,2528.05,2528.05,48.6163,48.6163,14,14,14,14,0,0,0,0,0,0,1.0,1.0,0.0,0,0,,,1.0,1.0,0.0,0.0897,0.0897,-1.25,-1.25,1.0,1.0,0.0,0.0,0,0,30,30,30,30,0.0,0.0,0.5769,0.5769,1.0,1.0,30,30,1.0,1.0,0.0,0.0,0.0,0.0,0.0,10,12,4,5,50.5,50.8,0.198,0.2362,7.9208,9.8425,30,1,1,0.9808,0.9808,0.0,0.6603,0.6603,0.0,0,0,0.0,0.0,,,0,0.0,0,0,1,1,0.0192,0.0192,WILDCARD_USAGE,WILDCARD_USAGE,0,0.0,0,0,0,0,0,0,0,0,0,0,0,0,0,0,0,0,0,0,1,0,0,0,1,0
e7f29e455ad6cc76904e1368cae1a1b1af7399d6,48d1446a804724e287264a47f796d92617a22d7c,__COMMIT_TOTAL__,__COMMIT_TOTAL__,ALL,SUMMARY,1,1,2,52,52,1,1,0.0192,0.0192,2528.05,2528.05,48.6163,48.6163,14,14,14,14,0,0,0,0,0,0,1.0,1.0,0.0,0,0,,,1.0,1.0,0.0,0.0897,0.0897,-1.25,-1.25,,,,,0,0,30,30,30,30,0.0,0.0,0.5769,0.5769,1.0,1.0,30,30,1.0,1.0,0.0,,,0.0,0.0,10,12,4,5,,,,,,,30,1,1,0.9808,0.9808,0.0,0.6603,0.6603,0.0,0,0,0.0,0.0,,,0,0.0,0,0,1,1,0.0192,0.0192,WILDCARD_USAGE,WILDCARD_USAGE,0,0.0,0,0,0,0,0,0,0,0,0,0,0,0,0,0,0,0,0,0,1,0,0,0,1,0
17441277f445ab262366a34bf9be856bf48bf544,f44398f737e02ffd5ddeacd5d5ed0dce2abd5746,build.gradle,build.gradle,Gradle,modified,17,4,21,29,38,2,1,0.069,0.0263,832.16,1232.52,28.6952,32.4347,0,0,0,0,0,0,0,0,0,0,0.0,0.0,0.0,0,0,,,1.0,1.0,0.0,0.0769,0.0962,52.11,46.61,0.45,0.5,0.0,0.0,0,0,2,2,2,2,0.0,0.0,0.069,0.0526,1.0,1.0,2,2,1.0,1.0,0.0,0.0,0.0,0.0,0.0,4,25,2,3,29.0,32.0,0.1379,0.7812,6.8966,9.375,30,0,0,1.0,1.0,0.0,0.3333,0.3333,0.0,0,0,0.0,0.0,,,0,0.0,0,0,0,0,0.0,0.0,,,0,0.0,0,0,0,0,0,0,0,0,0,0,0,0,0,0,0,0,0,0,0,0,0,0,0,0
17441277f445ab262366a34bf9be856bf48bf544,f44398f737e02ffd5ddeacd5d5ed0dce2abd5746,gradle/maven_push.gradle,maven_push.gradle,Gradle,renamed,26,0,26,0,90,0,7,0.0,0.0778,0.0,4844.79,0.0,53.831,0,0,0,0,0,0,0,0,0,0,0.0,0.0,0.0,0,0,,,0.0,1.0,1.0,0.0,0.0202,0.0,56.25,0.0,0.41,0.0,0.067,0,0,0,4,0,4,0.0,0.0,0.0,0.0444,0.0,1.0,0,4,0.0,1.0,1.0,0.0,0.0,0.0,0.0,0,26,0,1,0.0,90.0,0.0,0.2889,0.0,1.1111,30,0,4,0.0,0.9556,0.9556,0.3333,0.3185,-0.0148,0,0,0.0,0.0,,,0,0.0,0,0,0,4,0.0,0.0444,,HARDCODED_CREDENTIALS;HARDCODED_PATHS_AND_URLS;WILDCARD_USAGE,4,0.0444,1,0,0,0,0,0,0,0,0,0,0,0,0,0,0,0,0,0,0,0,1,0,1,1
17441277f445ab262366a34bf9be856bf48bf544,f44398f737e02ffd5ddeacd5d5ed0dce2abd5746,tracklytics-plugin/build.gradle,build.gradle,Gradle,modified,3,7,10,37,34,1,1,0.027,0.0294,1380.75,1264.77,37.3176,37.1991,4,0,4,0,0,0,0,0,0,0,1.0,0.0,-1.0,0,0,,,1.0,1.0,0.0,0.0,0.0,0.0,0.0,0.3,0.26,0.0,0.0,0,0,10,2,10,2,0.0,0.0,0.2703,0.0588,1.0,1.0,10,2,1.0,1.0,0.0,0.0,0.0,0.0,0.0,0,10,0,1,0.0,34.0,0.0,0.2941,0.0,2.9412,30,0,0,1.0,1.0,0.0,0.6667,0.3333,-0.3334,0,0,0.0,0.0,,,0,0.0,0,0,0,0,0.0,0.0,,,0,0.0,0,0,0,0,0,0,0,0,0,0,0,0,0,0,0,0,0,0,0,0,0,0,0,0
17441277f445ab262366a34bf9be856bf48bf544,f44398f737e02ffd5ddeacd5d5ed0dce2abd5746,tracklytics-runtime/build.gradle,build.gradle,Gradle,modified,8,7,15,79,79,8,8,0.1013,0.1013,4004.42,4194.94,50.6889,53.1005,4,0,4,0,0,0,0,0,0,0,1.0,0.0,-1.0,0,0,,,1.0,1.0,0.0,0.0,0.0,0.0,0.0,0.47,0.47,0.0,0.0,0,0,14,4,14,4,0.0,0.0,0.1772,0.0506,1.0,1.0,14,4,1.0,1.0,0.0,0.0,0.0,0.0,0.0,0,15,0,1,0.0,79.0,0.0,0.1899,0.0,1.2658,30,1,1,0.9873,0.9873,0.0,0.6624,0.3291,-0.3333,0,0,0.0,0.0,,,0,0.0,0,0,1,1,0.0127,0.0127,WILDCARD_USAGE,WILDCARD_USAGE,0,0.0,0,0,0,0,0,0,0,0,0,0,0,0,0,0,0,0,0,0,1,0,0,0,1,0
17441277f445ab262366a34bf9be856bf48bf544,f44398f737e02ffd5ddeacd5d5ed0dce2abd5746,__COMMIT_TOTAL__,__COMMIT_TOTAL__,ALL,SUMMARY,54,18,72,145,241,11,17,0.0759,0.0705,6217.33,11537.02,42.8781,47.8715,8,0,8,0,0,0,0,0,0,0,1.0,0.0,-1.0,0,0,,,1.0,1.0,0.0,0.017,0.0246,52.93,52.02,,,,,0,0,26,12,26,12,0.0,0.0,0.1793,0.0498,1.0,1.0,26,12,1.0,1.0,0.0,,,0.0,0.0,4,76,2,6,,,,,,,30,1,5,0.9931,0.9793,-0.0138,0.6644,0.3264,-0.338,0,0,0.0,0.0,,,0,0.0,0,0,1,5,0.0069,0.0207,WILDCARD_USAGE,HARDCODED_CREDENTIALS;HARDCODED_PATHS_AND_URLS;WILDCARD_USAGE,4,0.0138,1,0,0,0,0,0,0,0,0,0,0,0,0,0,0,0,0,0,1,0,1,0,1,1
14a86e0028b1aaeb00a01197d229dff33fe80712,cd1a0cc7ccdc400eff1252ffd14ee8eb90ed04e8,build.gradle,build.gradle,Gradle,modified,70,7,77,44,100,4,6,0.0909,0.06,1912.25,4816.58,43.4602,48.1658,0,0,0,0,0,0,0,0,0,0,0.0,0.0,0.0,0,0,,,1.0,1.0,0.0,0.0,0.0,0.0,27.36,1.0,1.0,0.0,0.0,0,0,2,13,2,13,0.0,0.0,0.0455,0.13,1.0,1.0,2,13,1.0,1.0,0.0,0.0,0.0,0.0,0.0,57,134,2,3,44.0,62.6667,1.2955,2.1383,4.5455,4.7872,30,0,9,1.0,0.91,-0.09,0.3333,0.3033,-0.03,0,0,0.0,0.0,,,0,0.0,0,0,0,9,0.0,0.09,,HARDCODED_CREDENTIALS;HARDCODED_PATHS_AND_URLS;INSECURE_URLS,9,0.09,1,0,0,0,0,0,0,0,0,0,0,0,0,0,0,0,0,0,0,0,1,1,0,1
14a86e0028b1aaeb00a01197d229dff33fe80712,cd1a0cc7ccdc400eff1252ffd14ee8eb90ed04e8,__COMMIT_TOTAL__,__COMMIT_TOTAL__,ALL,SUMMARY,70,7,77,44,100,4,6,0.0909,0.06,1912.25,4816.58,43.4602,48.1658,0,0,0,0,0,0,0,0,0,0,0.0,0.0,0.0,0,0,,,1.0,1.0,0.0,0.0,0.0,0.0,27.36,,,,,0,0,2,13,2,13,0.0,0.0,0.0455,0.13,1.0,1.0,2,13,1.0,1.0,0.0,,,0.0,0.0,57,134,2,3,,,,,,,30,0,9,1.0,0.91,-0.09,0.3333,0.3033,-0.03,0,0,0.0,0.0,,,0,0.0,0,0,0,9,0.0,0.09,,HARDCODED_CREDENTIALS;HARDCODED_PATHS_AND_URLS;INSECURE_URLS,9,0.09,1,0,0,0,0,0,0,0,0,0,0,0,0,0,0,0,0,0,0,0,1,1,0,1
d6e5e7b44a25f678b2fdb2827306ffe34c75bff7,b083417e5b86ceda11db036e3e5c57ebf2049af4,DaliTestApp/build.gradle,build.gradle,Gradle,modified,8,1,9,47,52,1,1,0.0213,0.0192,2491.42,3368.61,53.0089,64.781,4,4,4,4,0,0,0,0,0,0,1.0,1.0,0.0,0,0,,,1.0,1.0,0.0,0.0182,0.0161,54.73,54.73,1.0,1.0,0.0,0.0,0,0,17,17,17,17,0.0,0.0,0.3617,0.3269,1.0,1.0,17,17,1.0,1.0,0.0,0.0,0.0,0.0,0.0,25,34,5,6,44.4,45.6667,0.5631,0.7445,11.2613,13.1387,30,0,0,1.0,1.0,0.0,0.6667,0.6667,0.0,1,1,0.0213,0.0192,,,0,-0.0021,0,0,0,0,0.0,0.0,,,0,0.0,0,0,0,0,0,0,1,0,0,0,0,0,0,1,0,0,0,0,0,0,0,0,0,0
d6e5e7b44a25f678b2fdb2827306ffe34c75bff7,b083417e5b86ceda11db036e3e5c57ebf2049af4,build.gradle,build.gradle,Gradle,modified,3,10,13,35,28,3,1,0.0857,0.0357,833.85,852.22,23.8243,30.4364,0,0,0,0,0,0,0,0,0,0,0.0,0.0,0.0,0,0,,,1.0,1.0,0.0,0.0,0.0,92.97,0.0,1.0,1.0,0.0,0.0,0,0,3,6,3,6,0.0,0.0,0.0857,0.2143,1.0,1.0,3,6,1.0,1.0,0.0,0.0,0.0,0.0,0.0,39,52,8,9,36.125,35.2222,1.0796,1.4763,22.1453,25.5521,30,0,0,1.0,1.0,0.0,0.3333,0.3333,0.0,0,0,0.0,0.0,,,0,0.0,0,0,0,0,0.0,0.0,,,0,0.0,0,0,0,0,0,0,0,0,0,0,0,0,0,0,0,0,0,0,0,0,0,0,0,0
d6e5e7b44a25f678b2fdb2827306ffe34c75bff7,b083417e5b86ceda11db036e3e5c57ebf2049af4,dali/build.gradle,build.gradle,Gradle,modified,4,1,5,42,43,1,1,0.0238,0.0233,2363.64,2567.37,56.2771,59.7063,3,3,3,3,0,0,0,0,0,0,1.0,1.0,0.0,0,0,,,1.0,1.0,0.0,0.0,0.0,0.0,0.0,1.0,1.0,0.0,0.0,0,0,16,16,16,16,0.0,0.0,0.381,0.3721,1.0,1.0,16,16,1.0,1.0,0.0,0.0,0.0,0.0,0.0,33,38,3,4,47.3333,46.25,0.6972,0.8216,6.338,8.6486,30,0,0,1.0,1.0,0.0,0.6667,0.6667,0.0,0,0,0.0,0.0,,,0,0.0,0,0,0,0,0.0,0.0,,,0,0.0,0,0,0,0,0,0,0,0,0,0,0,0,0,0,0,0,0,0,0,0,0,0,0,0
d6e5e7b44a25f678b2fdb2827306ffe34c75bff7,b083417e5b86ceda11db036e3e5c57ebf2049af4,gradle/common-build.gradle,common-build.gradle,Gradle,added,64,0,64,0,58,0,10,0.0,0.1724,0.0,1085.98,0.0,18.7238,0,0,0,0,0,0,0,0,0,0,0.0,0.0,0.0,0,0,,,0.0,1.0,1.0,0.0,0.0,0.0,0.0,0.0,0.78,0.0,0.0,0,0,0,7,0,7,0.0,0.0,0.0,0.1207,0.0,1.0,0,7,0.0,1.0,1.0,0.0,0.0,0.0,0.0,0,64,0,1,0.0,58.0,0.0,1.1034,0.0,1.7241,30,0,0,0.0,1.0,1.0,0.3333,0.3333,0.0,0,1,0.0,0.0172,,,1,0.0172,1,0,0,0,0.0,0.0,,,0,0.0,0,0,0,0,0,0,0,0,0,0,0,1,0,0,0,0,0,0,0,0,0,0,0,0
d6e5e7b44a25f678b2fdb2827306ffe34c75bff7,b083417e5b86ceda11db036e3e5c57ebf2049af4,gradle/publish.gradle,publish.gradle,Gradle,renamed,1,1,2,0,84,0,1,0.0,0.0119,0.0,4451.62,0.0,52.9955,0,0,0,0,0,0,0,0,0,0,0.0,0.0,0.0,0,1,,TIME,0.0,0.9881,0.9881,0.0,0.1028,0.0,45.91,0.0,0.93,0.0,0.0,0,0,0,10,0,10,0.0,0.0,0.0,0.119,0.0,1.0,0,10,0.0,1.0,1.0,0.0,0.0,0.0,0.0,59,61,1,2,0.0,84.0,59.0,0.7262,100.0,2.381,30,0,9,0.0,0.8929,0.8929,0.3333,0.2976,-0.0357,0,0,0.0,0.0,,,0,0.0,0,0,0,9,0.0,0.1071,,HARDCODED_CREDENTIALS;HARDCODED_PATHS_AND_URLS;INSECURE_URLS;WILDCARD_USAGE,9,0.1071,1,0,0,0,0,0,0,0,0,0,0,0,0,0,0,0,0,0,0,0,1,1,1,1
d6e5e7b44a25f678b2fdb2827306ffe34c75bff7,b083417e5b86ceda11db036e3e5c57ebf2049af4,__COMMIT_TOTAL__,__COMMIT_TOTAL__,ALL,SUMMARY,80,13,93,124,265,5,14,0.0403,0.0528,5688.91,12325.8,45.8783,46.5125,7,7,7,7,0,0,0,0,0,0,1.0,1.0,0.0,0,1,,TIME,1.0,0.9962,-0.0038,0.007,0.038,80.9,46.19,,,,,0,0,36,56,36,56,0.0,0.0,0.2903,0.2113,1.0,1.0,36,56,1.0,1.0,0.0,,,0.0,0.0,156,249,17,22,,,,,,,30,0,9,1.0,0.966,-0.034,0.6667,0.6553,-0.0114,1,2,0.0081,0.0075,,,1,-0.0006,1,0,0,9,0.0,0.034,,HARDCODED_CREDENTIALS;HARDCODED_PATHS_AND_URLS;INSECURE_URLS;WILDCARD_USAGE,9,0.034,1,0,0,0,0,0,1,0,0,0,0,1,0,1,0,0,0,0,0,0,1,1,1,1
1c21bde52c98c96f56d6508b3e00305fd656ce06,6ab16830c2798e418e573e80c1e4b1ba9ff81bc5,speechrecognitionview/build.gradle,build.gradle,Gradle,modified,0,3,3,13,11,1,1,0.0769,0.0909,518.28,420.69,39.8677,38.2445,0,0,0,0,0,0,0,0,0,0,0.0,0.0,0.0,0,0,,,1.0,1.0,0.0,0.0,0.0,0.0,0.0,1.0,1.0,0.0,0.0,0,0,2,1,2,1,0.0,0.0,0.1538,0.0909,1.0,1.0,2,1,1.0,1.0,0.0,0.0,0.0,0.0,0.0,0,3,0,1,0.0,11.0,0.0,0.2727,0.0,9.0909,30,0,0,1.0,1.0,0.0,0.3333,0.3333,0.0,0,0,0.0,0.0,,,0,0.0,0,0,0,0,0.0,0.0,,,0,0.0,0,0,0,0,0,0,0,0,0,0,0,0,0,0,0,0,0,0,0,0,0,0,0,0
1c21bde52c98c96f56d6508b3e00305fd656ce06,6ab16830c2798e418e573e80c1e4b1ba9ff81bc5,__COMMIT_TOTAL__,__COMMIT_TOTAL__,ALL,SUMMARY,0,3,3,13,11,1,1,0.0769,0.0909,518.28,420.69,39.8677,38.2445,0,0,0,0,0,0,0,0,0,0,0.0,0.0,0.0,0,0,,,1.0,1.0,0.0,0.0,0.0,0.0,0.0,,,,,0,0,2,1,2,1,0.0,0.0,0.1538,0.0909,1.0,1.0,2,1,1.0,1.0,0.0,,,0.0,0.0,0,3,0,1,,,,,,,30,0,0,1.0,1.0,0.0,0.3333,0.3333,0.0,0,0,0.0,0.0,,,0,0.0,0,0,0,0,0.0,0.0,,,0,0.0,0,0,0,0,0,0,0,0,0,0,0,0,0,0,0,0,0,0,0,0,0,0,0,0
91ef8961461561a1f569f76a3d5f1603b12a2921,13916c8471abc88f662b0b447b02b5c1443547c5,build.gradle,build.gradle,Gradle,modified,21,0,21,83,99,3,7,0.0361,0.0707,4245.63,4831.62,51.1522,48.8042,0,0,0,0,0,0,0,0,0,0,0.0,0.0,0.0,0,0,,,1.0,1.0,0.0,0.129,0.1103,29.29,29.29,1.0,0.94,0.0,0.0,0,0,10,11,10,11,0.0,0.0,0.1205,0.1111,1.0,1.0,1,2,0.1,0.1818,0.0818,0.0,0.0,0.0,0.0,7,28,3,4,83.6667,87.5,0.0837,0.32,3.5857,4.5714,30,2,4,0.9759,0.9596,-0.0163,0.6253,0.5926,-0.0327,1,1,0.012,0.0101,,,0,-0.0019,0,0,2,4,0.0241,0.0404,HARDCODED_PATHS_AND_URLS,HARDCODED_PATHS_AND_URLS;WILDCARD_USAGE,2,0.0163,1,0,0,0,0,0,1,0,0,0,0,0,0,1,0,0,0,0,0,1,0,0,1,1
91ef8961461561a1f569f76a3d5f1603b12a2921,13916c8471abc88f662b0b447b02b5c1443547c5,build.workaround-missing-resource.gradle,build.workaround-missing-resource.gradle,Gradle,renamed,0,0,0,0,12,0,1,0.0,0.0833,0.0,660.68,0.0,55.0567,0,0,0,0,0,0,0,0,0,0,0.0,0.0,0.0,0,0,,,0.0,1.0,1.0,0.0,0.3913,0.0,58.77,0.0,0.0,0.0,0.0,0,0,0,2,0,2,0.0,0.0,0.0,0.1667,0.0,1.0,0,2,0.0,1.0,1.0,0.0,0.0,0.0,0.0,0,0,0,1,0.0,12.0,0.0,0.0,0.0,8.3333,30,0,4,0.0,0.6667,0.6667,0.3333,0.2222,-0.1111,0,1,0.0,0.0833,,,1,0.0833,1,0,0,4,0.0,0.3333,,HARDCODED_PATHS_AND_URLS,4,0.3333,1,0,0,0,0,0,0,0,0,0,0,0,0,1,0,0,0,0,0,0,0,0,0,1
91ef8961461561a1f569f76a3d5f1603b12a2921,13916c8471abc88f662b0b447b02b5c1443547c5,storio-content-resolver-annotations-processor-test/build.gradle,build.gradle,Gradle,modified,4,20,24,30,16,5,1,0.1667,0.0625,1110.69,721.31,37.023,45.0819,0,0,0,0,0,0,0,0,0,0,0.0,0.0,0.0,0,0,,,1.0,1.0,0.0,0.0,0.0,0.0,0.0,0.8,1.0,0.0,0.0,0,0,4,3,4,3,0.0,0.0,0.1333,0.1875,1.0,1.0,4,3,1.0,1.0,0.0,0.0,0.0,0.0,0.0,35,59,1,2,30.0,23.0,1.1667,2.5652,3.3333,8.6957,30,2,0,0.9333,1.0,0.0667,0.3111,0.3333,0.0222,0,0,0.0,0.0,,,0,0.0,0,0,2,0,0.0667,0.0,WILDCARD_USAGE,,-2,-0.0667,0,1,0,0,0,0,0,0,0,0,0,0,0,0,0,0,0,0,1,0,0,0,0,0
91ef8961461561a1f569f76a3d5f1603b12a2921,13916c8471abc88f662b0b447b02b5c1443547c5,storio-sqlite-annotations-processor-test/build.gradle,build.gradle,Gradle,modified,3,19,22,30,16,5,1,0.1667,0.0625,1110.69,721.31,37.023,45.0819,0,0,0,0,0,0,0,0,0,0,0.0,0.0,0.0,0,0,,,1.0,1.0,0.0,0.0,0.0,0.0,0.0,0.8,1.0,0.0,0.0,0,0,4,3,4,3,0.0,0.0,0.1333,0.1875,1.0,1.0,4,3,1.0,1.0,0.0,0.0,0.0,0.0,0.0,35,57,1,2,30.0,23.0,1.1667,2.4783,3.3333,8.6957,30,2,0,0.9333,1.0,0.0667,0.3111,0.3333,0.0222,0,0,0.0,0.0,,,0,0.0,0,0,2,0,0.0667,0.0,WILDCARD_USAGE,,-2,-0.0667,0,1,0,0,0,0,0,0,0,0,0,0,0,0,0,0,0,0,1,0,0,0,0,0
91ef8961461561a1f569f76a3d5f1603b12a2921,13916c8471abc88f662b0b447b02b5c1443547c5,storio-sqlite-annotations-processor-test/build.workaround-missing-resource.gradle,build.workaround-missing-resource.gradle,Gradle,removed,0,23,23,12,0,1,0,0.0833,0.0,660.68,0.0,55.0567,0.0,0,0,0,0,0,0,0,0,0,0,0.0,0.0,0.0,0,0,,,1.0,0.0,-1.0,0.3913,0.0,58.77,0.0,0.0,0.0,0.0,0.0,0,0,2,0,2,0,0.0,0.0,0.1667,0.0,1.0,0.0,2,0,1.0,0.0,-1.0,0.0,0.0,0.0,0.0,23,46,1,2,12.0,12.0,1.9167,3.8333,8.3333,16.6667,30,4,0,0.6667,0.0,-0.6667,0.2222,0.3333,0.1111,1,0,0.0833,0.0,,,-1,-0.0833,0,1,4,0,0.3333,0.0,HARDCODED_PATHS_AND_URLS,,-4,-0.3333,0,1,0,0,0,0,1,0,0,0,0,0,0,0,0,0,0,0,0,1,0,0,0,0
91ef8961461561a1f569f76a3d5f1603b12a2921,13916c8471abc88f662b0b447b02b5c1443547c5,__COMMIT_TOTAL__,__COMMIT_TOTAL__,ALL,SUMMARY,28,62,90,155,143,14,10,0.0903,0.0699,7127.69,6934.92,45.9851,48.4959,0,0,0,0,0,0,0,0,0,0,0.0,0.0,0.0,0,0,,,1.0,1.0,0.0,0.1152,0.1214,46.19,46.19,,,,,0,0,20,19,20,19,0.0,0.0,0.129,0.1329,1.0,1.0,11,10,0.55,0.5263,-0.0237,,,0.0,0.0,100,190,6,11,,,,,,,30,10,8,0.9355,0.9441,0.0086,0.4618,0.4726,0.0108,2,2,0.0129,0.014,,,0,0.0011,0,0,10,8,0.0645,0.0559,HARDCODED_PATHS_AND_URLS;WILDCARD_USAGE,HARDCODED_PATHS_AND_URLS;WILDCARD_USAGE,-2,-0.0086,0,1,0,0,0,0,1,0,0,0,0,0,0,1,0,0,0,0,1,1,0,0,1,1
adcaeab64fb435d35f1f6e9559e591277470ef6d,50a7c87f2cd9ff2b44c59f34561706dfece0f749,javatests/artifacts/dagger/build.gradle,build.gradle,Gradle,renamed,17,3,20,0,38,0,3,0.0,0.0789,0.0,616.12,0.0,16.2137,0,0,0,0,0,0,0,0,0,0,0.0,0.0,0.0,0,0,,,0.0,1.0,1.0,0.0,0.0,0.0,51.32,0.0,0.66,0.0,0.0,0,0,0,2,0,2,0.0,0.0,0.0,0.0526,0.0,1.0,0,2,0.0,1.0,1.0,0.0,0.0,0.0,0.0,0,20,0,1,0.0,38.0,0.0,0.5263,0.0,2.6316,30,0,2,0.0,0.9474,0.9474,0.3333,0.3158,-0.0175,0,0,0.0,0.0,,,0,0.0,0,0,0,2,0.0,0.0526,,HARDCODED_PATHS_AND_URLS;INSECURE_URLS,2,0.0526,1,0,0,0,0,0,0,0,0,0,0,0,0,0,0,0,0,0,0,0,0,1,0,1
adcaeab64fb435d35f1f6e9559e591277470ef6d,50a7c87f2cd9ff2b44c59f34561706dfece0f749,javatests/artifacts/dagger/java-app/build.gradle,build.gradle,Gradle,renamed,3,8,11,0,27,0,1,0.0,0.037,0.0,325.53,0.0,12.0567,0,1,0,0,0,0,0,0,0,1,0.0,0.0,0.0,0,0,,,0.0,1.0,1.0,0.0,0.0312,0.0,50.97,0.0,0.85,0.0,0.0,0,0,0,6,0,6,0.0,0.0,0.0,0.2222,0.0,1.0,0,6,0.0,1.0,1.0,0.0,0.0,0.0,0.0,0,11,0,1,0.0,27.0,0.0,0.4074,0.0,3.7037,30,0,2,0.0,0.9259,0.9259,0.3333,0.3086,-0.0247,0,0,0.0,0.0,,,0,0.0,0,0,0,2,0.0,0.0741,,HARDCODED_PATHS_AND_URLS;INSECURE_URLS,2,0.0741,1,0,0,0,0,0,0,0,0,0,0,0,0,0,0,0,0,0,0,0,0,1,0,1
adcaeab64fb435d35f1f6e9559e591277470ef6d,50a7c87f2cd9ff2b44c59f34561706dfece0f749,javatests/artifacts/dagger/kotlin-app/build.gradle,build.gradle,Gradle,renamed,7,7,14,0,35,0,1,0.0,0.0286,0.0,819.71,0.0,23.4203,0,5,0,0,0,0,0,0,0,5,0.0,0.0,0.0,0,0,,,0.0,1.0,1.0,0.0,0.0889,0.0,44.93,0.0,0.8,0.0,0.0,0,0,0,16,0,16,0.0,0.0,0.0,0.4571,0.0,1.0,0,15,0.0,0.9375,0.9375,0.0,0.0,0.0,0.0,0,14,0,1,0.0,35.0,0.0,0.4,0.0,2.8571,30,0,3,0.0,0.9143,0.9143,0.3333,0.3256,-0.0077,0,0,0.0,0.0,,,0,0.0,0,0,0,3,0.0,0.0857,,HARDCODED_PATHS_AND_URLS;INSECURE_URLS,3,0.0857,1,0,0,0,0,0,0,0,0,0,0,0,0,0,0,0,0,0,0,0,0,1,0,1
adcaeab64fb435d35f1f6e9559e591277470ef6d,50a7c87f2cd9ff2b44c59f34561706dfece0f749,javatests/artifacts/dagger/kotlin-app/kotlin-library/build.gradle,build.gradle,Gradle,renamed,7,7,14,0,30,0,1,0.0,0.0333,0.0,520.19,0.0,17.3397,0,5,0,0,0,0,0,0,0,5,0.0,0.0,0.0,0,0,,,0.0,1.0,1.0,0.0,0.1053,0.0,44.93,0.0,0.8,0.0,0.0,0,0,0,14,0,14,0.0,0.0,0.0,0.4667,0.0,1.0,0,14,0.0,1.0,1.0,0.0,0.0,0.0,0.0,0,14,0,1,0.0,30.0,0.0,0.4667,0.0,3.3333,30,0,3,0.0,0.9,0.9,0.3333,0.3,-0.0333,0,0,0.0,0.0,,,0,0.0,0,0,0,3,0.0,0.1,,HARDCODED_PATHS_AND_URLS;INSECURE_URLS,3,0.1,1,0,0,0,0,0,0,0,0,0,0,0,0,0,0,0,0,0,0,0,0,1,0,1
adcaeab64fb435d35f1f6e9559e591277470ef6d,50a7c87f2cd9ff2b44c59f34561706dfece0f749,javatests/artifacts/dagger/settings.gradle,settings.gradle,Gradle,added,4,0,4,0,4,0,1,0.0,0.25,0.0,121.08,0.0,30.27,0,0,0,0,0,0,0,0,0,0,0.0,0.0,0.0,0,0,,,0.0,1.0,1.0,0.0,0.0,0.0,0.0,0.0,1.0,0.0,0.0,0,0,0,0,0,0,0.0,0.0,0.0,0.0,0.0,0.0,0,0,0.0,0.0,0.0,0.0,0.0,0.0,0.0,0,4,0,1,0.0,4.0,0.0,1.0,0.0,25.0,30,0,0,0.0,1.0,1.0,0.3333,0.6667,0.3334,0,0,0.0,0.0,,,0,0.0,0,0,0,0,0.0,0.0,,,0,0.0,0,0,0,0,0,0,0,0,0,0,0,0,0,0,0,0,0,0,0,0,0,0,0,0
adcaeab64fb435d35f1f6e9559e591277470ef6d,50a7c87f2cd9ff2b44c59f34561706dfece0f749,javatests/artifacts/dagger/simpleKotlin/settings.gradle,settings.gradle,Gradle,removed,0,3,3,3,0,1,0,0.3333,0.0,89.69,0.0,29.8967,0.0,0,0,0,0,0,0,0,0,0,0,0.0,0.0,0.0,0,0,,,1.0,0.0,-1.0,0.0,0.0,0.0,0.0,1.0,0.0,0.0,0.0,0,0,0,0,0,0,0.0,0.0,0.0,0.0,0.0,0.0,0,0,0.0,0.0,0.0,0.0,0.0,0.0,0.0,0,3,0,1,0.0,0.0,0.0,3.0,0.0,100.0,30,0,0,1.0,0.0,-1.0,0.6667,0.3333,-0.3334,0,0,0.0,0.0,,,0,0.0,0,0,0,0,0.0,0.0,,,0,0.0,0,0,0,0,0,0,0,0,0,0,0,0,0,0,0,0,0,0,0,0,0,0,0,0
adcaeab64fb435d35f1f6e9559e591277470ef6d,50a7c87f2cd9ff2b44c59f34561706dfece0f749,__COMMIT_TOTAL__,__COMMIT_TOTAL__,ALL,SUMMARY,38,28,66,3,134,1,7,0.3333,0.0522,89.69,2402.63,29.8967,17.9301,0,11,0,0,0,0,0,0,0,11,0.0,0.0,0.0,0,0,,,1.0,1.0,0.0,0.0,0.0563,0.0,47.73,,,,,0,0,0,38,0,38,0.0,0.0,0.0,0.2836,0.0,1.0,0,37,0.0,0.9737,0.9737,,,0.0,0.0,0,66,0,6,,,,,,,30,0,10,1.0,0.9254,-0.0746,0.6667,0.3172,-0.3495,0,0,0.0,0.0,,,0,0.0,0,0,0,10,0.0,0.0746,,HARDCODED_PATHS_AND_URLS;INSECURE_URLS,10,0.0746,1,0,0,0,0,0,0,0,0,0,0,0,0,0,0,0,0,0,0,0,0,1,0,1
49cd79581fe93c2e620cb90e68c72779ed8d5706,e593ef58fcdd4eced8abc083addfcd8dd9e786c8,blessedDeps.gradle,blessedDeps.gradle,Gradle,added,47,0,47,0,47,0,1,0.0,0.0213,0.0,2109.49,0.0,44.8828,0,0,0,0,0,0,0,0,0,0,0.0,0.0,0.0,0,0,,,0.0,1.0,1.0,0.0,0.0,0.0,40.75,0.0,1.0,0.0,0.0,0,0,0,0,0,0,0.0,0.0,0.0,0.0,0.0,0.0,0,0,0.0,0.0,0.0,0.0,0.0,0.0,0.0,0,47,0,1,0.0,47.0,0.0,1.0,0.0,2.1277,30,0,0,0.0,1.0,1.0,0.3333,0.6667,0.3334,0,0,0.0,0.0,,,0,0.0,0,0,0,0,0.0,0.0,,,0,0.0,0,0,0,0,0,0,0,0,0,0,0,0,0,0,0,0,0,0,0,0,0,0,0,0
49cd79581fe93c2e620cb90e68c72779ed8d5706,e593ef58fcdd4eced8abc083addfcd8dd9e786c8,build.gradle,build.gradle,Gradle,modified,1,0,1,55,56,13,13,0.2364,0.2321,1653.62,1744.05,30.0658,31.1438,0,0,0,0,0,0,0,0,0,0,0.0,0.0,0.0,0,0,,,1.0,1.0,0.0,0.0147,0.0145,40.03,40.03,0.51,0.5,0.0,0.0,0,0,5,8,5,8,0.0,0.0,0.0909,0.1429,1.0,1.0,5,8,1.0,1.0,0.0,0.0,0.0,0.0,0.0,8,7,4,4,55.0,55.25,0.1455,0.1267,7.2727,7.2398,30,4,4,0.9273,0.9286,0.0013,0.3091,0.3095,0.0004,0,0,0.0,0.0,,,0,0.0,0,0,4,4,0.0727,0.0714,HARDCODED_PATHS_AND_URLS;WILDCARD_USAGE,HARDCODED_PATHS_AND_URLS;WILDCARD_USAGE,0,-0.0013,0,0,0,0,0,0,0,0,0,0,0,0,0,0,0,0,0,0,1,1,0,0,1,1
49cd79581fe93c2e620cb90e68c72779ed8d5706,e593ef58fcdd4eced8abc083addfcd8dd9e786c8,epoxy-adapter/build.gradle,build.gradle,Gradle,modified,18,12,30,21,26,1,1,0.0476,0.0385,841.07,1898.25,40.051,73.0096,8,0,8,0,0,0,0,0,0,0,1.0,0.0,-1.0,0,0,,,1.0,1.0,0.0,0.0,0.0,0.0,0.0,0.33,0.42,0.0,0.0,0,0,18,2,18,2,0.0,0.0,0.8571,0.0769,1.0,1.0,17,1,0.9444,0.5,-0.4444,0.0,0.0,0.0,0.0,12,42,3,4,21.0,22.25,0.5714,1.8876,14.2857,17.9775,30,0,0,1.0,1.0,0.0,0.6852,0.5,-0.1852,0,0,0.0,0.0,,,0,0.0,0,0,0,0,0.0,0.0,,,0,0.0,0,0,0,0,0,0,0,0,0,0,0,0,0,0,0,0,0,0,0,0,0,0,0,0
49cd79581fe93c2e620cb90e68c72779ed8d5706,e593ef58fcdd4eced8abc083addfcd8dd9e786c8,epoxy-annotations/build.gradle,build.gradle,Gradle,modified,2,2,4,8,8,1,1,0.125,0.125,303.08,343.87,37.885,42.9838,0,0,0,0,0,0,0,0,0,0,0.0,0.0,0.0,0,0,,,1.0,1.0,0.0,0.0,0.0,0.0,0.0,0.75,0.75,0.0,0.0,0,0,1,1,1,1,0.0,0.0,0.125,0.125,1.0,1.0,1,1,1.0,1.0,0.0,0.0,0.0,0.0,0.0,4,8,1,2,8.0,8.0,0.5,1.0,12.5,25.0,30,0,0,1.0,1.0,0.0,0.3333,0.3333,0.0,0,0,0.0,0.0,,,0,0.0,0,0,0,0,0.0,0.0,,,0,0.0,0,0,0,0,0,0,0,0,0,0,0,0,0,0,0,0,0,0,0,0,0,0,0,0
49cd79581fe93c2e620cb90e68c72779ed8d5706,e593ef58fcdd4eced8abc083addfcd8dd9e786c8,epoxy-processor/build.gradle,build.gradle,Gradle,modified,8,4,12,13,17,1,1,0.0769,0.0588,515.0,917.04,39.6154,53.9435,2,0,2,0,0,0,0,0,0,0,1.0,0.0,-1.0,0,0,,,1.0,1.0,0.0,0.0,0.0,0.0,0.0,0.62,0.59,0.0,0.0,0,0,6,2,6,2,0.0,0.0,0.4615,0.1176,1.0,1.0,5,1,0.8333,0.5,-0.3333,0.0,0.0,0.0,0.0,6,18,2,3,14.5,15.3333,0.4138,1.1739,13.7931,19.5653,30,0,0,1.0,1.0,0.0,0.7222,0.5,-0.2222,0,0,0.0,0.0,,,0,0.0,0,0,0,0,0.0,0.0,,,0,0.0,0,0,0,0,0,0,0,0,0,0,0,0,0,0,0,0,0,0,0,0,0,0,0,0
49cd79581fe93c2e620cb90e68c72779ed8d5706,e593ef58fcdd4eced8abc083addfcd8dd9e786c8,epoxy-processortest/build.gradle,build.gradle,Gradle,modified,9,9,18,22,22,1,1,0.0455,0.0455,1305.4,1647.69,59.3364,74.895,5,0,5,0,0,0,0,0,0,0,1.0,0.0,-1.0,0,0,,,1.0,1.0,0.0,0.0,0.0,0.0,0.0,0.32,0.32,0.0,0.0,0,0,16,6,16,6,0.0,0.0,0.7273,0.2727,1.0,1.0,13,3,0.8125,0.5,-0.3125,0.0,0.0,0.0,0.0,25,43,1,2,22.0,22.0,1.1364,1.9545,4.5455,9.0909,30,2,2,0.9091,0.9091,0.0,0.6989,0.4697,-0.2292,0,0,0.0,0.0,,,0,0.0,0,0,2,2,0.0909,0.0909,WILDCARD_USAGE,WILDCARD_USAGE,0,0.0,0,0,0,0,0,0,0,0,0,0,0,0,0,0,0,0,0,0,1,0,0,0,1,0
49cd79581fe93c2e620cb90e68c72779ed8d5706,e593ef58fcdd4eced8abc083addfcd8dd9e786c8,epoxy-sample/build.gradle,build.gradle,Gradle,modified,13,8,21,22,26,1,1,0.0455,0.0385,943.86,1493.79,42.9027,57.4535,3,0,3,0,0,0,0,0,0,0,1.0,0.0,-1.0,0,0,,,1.0,1.0,0.0,0.0,0.0,0.0,61.24,0.32,0.38,0.0,0.0,0,0,11,5,11,5,0.0,0.0,0.5,0.1923,1.0,1.0,8,2,0.7273,0.4,-0.3273,0.0,0.0,0.0,0.0,6,27,3,4,22.0,23.0,0.2727,1.1739,13.6364,17.3913,30,0,0,1.0,1.0,0.0,0.7576,0.5333,-0.2243,0,0,0.0,0.0,,,0,0.0,0,0,0,0,0.0,0.0,,,0,0.0,0,0,0,0,0,0,0,0,0,0,0,0,0,0,0,0,0,0,0,0,0,0,0,0
49cd79581fe93c2e620cb90e68c72779ed8d5706,e593ef58fcdd4eced8abc083addfcd8dd9e786c8,processor/build.gradle,build.gradle,Gradle,modified,8,8,16,14,14,1,1,0.0714,0.0714,579.64,872.68,41.4029,62.3343,6,0,6,0,0,0,0,0,0,0,1.0,0.0,-1.0,0,0,,,1.0,1.0,0.0,0.0,0.0,0.0,0.0,0.5,0.5,0.0,0.0,0,0,15,3,15,3,0.0,0.0,1.0714,0.2143,1.0,1.0,14,2,0.9333,0.6667,-0.2666,0.0,0.0,0.0,0.0,2,18,1,2,14.0,14.0,0.1429,1.2857,7.1429,14.2857,30,0,0,1.0,1.0,0.0,0.6889,0.4444,-0.2445,0,0,0.0,0.0,,,0,0.0,0,0,0,0,0.0,0.0,,,0,0.0,0,0,0,0,0,0,0,0,0,0,0,0,0,0,0,0,0,0,0,0,0,0,0,0
49cd79581fe93c2e620cb90e68c72779ed8d5706,e593ef58fcdd4eced8abc083addfcd8dd9e786c8,__COMMIT_TOTAL__,__COMMIT_TOTAL__,ALL,SUMMARY,106,43,149,155,216,19,20,0.1226,0.0926,6141.67,11026.86,39.6237,51.0503,24,0,24,0,0,0,0,0,0,0,1.0,0.0,-1.0,0,0,,,1.0,1.0,0.0,0.0052,0.0039,40.03,48.77,,,,,0,0,72,27,72,27,0.0,0.0,0.4645,0.125,1.0,1.0,63,18,0.875,0.6667,-0.2083,,,0.0,0.0,63,210,15,22,,,,,,,30,6,6,0.9613,0.9722,0.0109,0.6954,0.4352,-0.2602,0,0,0.0,0.0,,,0,0.0,0,0,6,6,0.0387,0.0278,HARDCODED_PATHS_AND_URLS;WILDCARD_USAGE,HARDCODED_PATHS_AND_URLS;WILDCARD_USAGE,0,-0.0109,0,0,0,0,0,0,0,0,0,0,0,0,0,0,0,0,0,0,1,1,0,0,1,1
64130eacea59c5f95fce454aa5b1a30e84aa0b98,2b92c35faf02480c5e57cb57a2666d41c1f6f273,build.gradle,build.gradle,Gradle,modified,15,15,30,171,171,4,4,0.0234,0.0234,10008.45,9937.34,58.5289,58.1131,28,28,27,27,0,0,0,0,1,1,0.9643,0.9643,0.0,0,0,,,1.0,1.0,0.0,0.015,0.015,30.16,30.16,0.98,0.98,0.0,0.0,0,0,77,77,77,77,0.0,0.0,0.4503,0.4503,1.0,1.0,77,77,1.0,1.0,0.0,0.0,0.0,0.0,0.0,100,130,14,15,162.5,163.0667,0.6154,0.7972,8.6154,9.1987,30,15,15,0.9123,0.9123,0.0,0.6255,0.6255,0.0,2,2,0.0117,0.0117,,,0,0.0,0,0,15,15,0.0877,0.0877,HARDCODED_CREDENTIALS;HARDCODED_PATHS_AND_URLS;INSECURE_URLS,HARDCODED_CREDENTIALS;HARDCODED_PATHS_AND_URLS;INSECURE_URLS,0,0.0,0,0,0,0,1,0,1,0,0,0,0,1,0,1,0,0,1,1,0,1,1,1,0,1
64130eacea59c5f95fce454aa5b1a30e84aa0b98,2b92c35faf02480c5e57cb57a2666d41c1f6f273,__COMMIT_TOTAL__,__COMMIT_TOTAL__,ALL,SUMMARY,15,15,30,171,171,4,4,0.0234,0.0234,10008.45,9937.34,58.5289,58.1131,28,28,27,27,0,0,0,0,1,1,0.9643,0.9643,0.0,0,0,,,1.0,1.0,0.0,0.015,0.015,30.16,30.16,,,,,0,0,77,77,77,77,0.0,0.0,0.4503,0.4503,1.0,1.0,77,77,1.0,1.0,0.0,,,0.0,0.0,100,130,14,15,,,,,,,30,15,15,0.9123,0.9123,0.0,0.6255,0.6255,0.0,2,2,0.0117,0.0117,,,0,0.0,0,0,15,15,0.0877,0.0877,HARDCODED_CREDENTIALS;HARDCODED_PATHS_AND_URLS;INSECURE_URLS,HARDCODED_CREDENTIALS;HARDCODED_PATHS_AND_URLS;INSECURE_URLS,0,0.0,0,0,0,0,1,0,1,0,0,0,0,1,0,1,0,0,1,1,0,1,1,1,0,1
3b4c4f5a5147304d8b16a11ee4c90bcc784a0894,59b0f69ba734388f84c93327ebd12bb27172f4a1,App/build.gradle,build.gradle,Gradle,modified,33,40,73,135,143,6,7,0.0444,0.049,6316.34,5824.73,46.7877,40.7324,14,14,14,14,0,0,0,0,0,0,1.0,1.0,0.0,0,0,,,1.0,1.0,0.0,0.0248,0.0065,59.92,60.1,0.21,0.36,0.0,0.094,0,0,41,43,41,43,0.0,0.0,0.3037,0.3007,1.0,1.0,41,43,1.0,1.0,0.0,0.0,0.0,0.0,0.0,18,91,5,6,135.8,137.0,0.1325,0.6642,3.6819,4.3796,30,2,2,0.9852,0.986,0.0008,0.6617,0.662,0.0003,0,0,0.0,0.0,,,0,0.0,0,0,2,2,0.0148,0.014,HARDCODED_PATHS_AND_URLS;WILDCARD_USAGE,HARDCODED_PATHS_AND_URLS;WILDCARD_USAGE,0,-0.0008,0,0,0,0,0,0,0,0,0,0,0,0,0,0,0,0,0,0,1,1,0,0,1,1
3b4c4f5a5147304d8b16a11ee4c90bcc784a0894,59b0f69ba734388f84c93327ebd12bb27172f4a1,__COMMIT_TOTAL__,__COMMIT_TOTAL__,ALL,SUMMARY,33,40,73,135,143,6,7,0.0444,0.049,6316.34,5824.73,46.7877,40.7324,14,14,14,14,0,0,0,0,0,0,1.0,1.0,0.0,0,0,,,1.0,1.0,0.0,0.0248,0.0065,59.92,60.1,,,,,0,0,41,43,41,43,0.0,0.0,0.3037,0.3007,1.0,1.0,41,43,1.0,1.0,0.0,,,0.0,0.0,18,91,5,6,,,,,,,30,2,2,0.9852,0.986,0.0008,0.6617,0.662,0.0003,0,0,0.0,0.0,,,0,0.0,0,0,2,2,0.0148,0.014,HARDCODED_PATHS_AND_URLS;WILDCARD_USAGE,HARDCODED_PATHS_AND_URLS;WILDCARD_USAGE,0,-0.0008,0,0,0,0,0,0,0,0,0,0,0,0,0,0,0,0,0,0,1,1,0,0,1,1
c9f9fde75f95eab90c01e1e088710668c9882f83,caca583ad306246083e573d7bab4dc2ec41650a9,app/build.gradle,build.gradle,Gradle,modified,8,14,22,174,168,2,2,0.0115,0.0119,11181.24,10424.55,64.26,62.0509,30,30,0,0,0,0,0,0,30,30,0.0,0.0,0.0,0,0,,,1.0,1.0,0.0,0.0,0.0,43.24,43.24,0.99,0.99,0.139,0.079,0,0,81,81,81,81,0.0,0.0,0.4655,0.4821,1.0,1.0,79,79,0.9753,0.9753,0.0,0.0,0.0,0.0,0.0,231,231,21,21,148.8571,148.8571,1.5518,1.5518,14.1075,14.1075,30,9,9,0.9483,0.9464,-0.0019,0.3243,0.3237,-0.0006,0,0,0.0,0.0,,,0,0.0,0,0,9,9,0.0517,0.0536,HARDCODED_PATHS_AND_URLS;INSECURE_URLS;WILDCARD_USAGE,HARDCODED_PATHS_AND_URLS;INSECURE_URLS;WILDCARD_USAGE,0,0.0019,0,0,0,0,0,0,0,0,0,0,0,0,0,0,0,0,0,1,1,1,0,1,1,1
c9f9fde75f95eab90c01e1e088710668c9882f83,caca583ad306246083e573d7bab4dc2ec41650a9,__COMMIT_TOTAL__,__COMMIT_TOTAL__,ALL,SUMMARY,8,14,22,174,168,2,2,0.0115,0.0119,11181.24,10424.55,64.26,62.0509,30,30,0,0,0,0,0,0,30,30,0.0,0.0,0.0,0,0,,,1.0,1.0,0.0,0.0,0.0,43.24,43.24,,,,,0,0,81,81,81,81,0.0,0.0,0.4655,0.4821,1.0,1.0,79,79,0.9753,0.9753,0.0,,,0.0,0.0,231,231,21,21,,,,,,,30,9,9,0.9483,0.9464,-0.0019,0.3243,0.3237,-0.0006,0,0,0.0,0.0,,,0,0.0,0,0,9,9,0.0517,0.0536,HARDCODED_PATHS_AND_URLS;INSECURE_URLS;WILDCARD_USAGE,HARDCODED_PATHS_AND_URLS;INSECURE_URLS;WILDCARD_USAGE,0,0.0019,0,0,0,0,0,0,0,0,0,0,0,0,0,0,0,0,0,1,1,1,0,1,1,1
14c1e8d7187820d5cf4fc2aeb33b83ce71d48ba8,78945f82d2cc3531b968e2b689ebd77c79d1de57,build.gradle,build.gradle,Gradle,modified,24,21,45,374,375,10,10,0.0267,0.0267,26103.66,26181.93,69.7959,69.8185,82,82,81,81,0,0,1,1,0,0,0.9878,0.9878,0.0,0,0,,,1.0,1.0,0.0,0.0633,0.0629,29.73,43.68,0.98,0.98,0.0,0.0,0,0,201,200,201,200,0.0,0.0,0.5374,0.5333,1.0,1.0,201,200,1.0,1.0,0.0,1.0,0.0,0.0,0.0,89,138,22,25,371.5909,371.92,0.2395,0.371,5.9205,6.7219,30,16,16,0.9572,0.9573,0.0001,0.6483,0.6484,0.0001,3,3,0.008,0.008,,,0,0.0,0,0,16,16,0.0428,0.0427,HARDCODED_PATHS_AND_URLS;INSECURE_URLS;WILDCARD_USAGE,HARDCODED_PATHS_AND_URLS;INSECURE_URLS;WILDCARD_USAGE,0,-0.0001,0,0,0,1,1,0,1,0,0,0,1,1,0,1,0,0,0,1,1,1,0,1,1,1
14c1e8d7187820d5cf4fc2aeb33b83ce71d48ba8,78945f82d2cc3531b968e2b689ebd77c79d1de57,__COMMIT_TOTAL__,__COMMIT_TOTAL__,ALL,SUMMARY,24,21,45,374,375,10,10,0.0267,0.0267,26103.66,26181.93,69.7959,69.8185,82,82,81,81,0,0,1,1,0,0,0.9878,0.9878,0.0,0,0,,,1.0,1.0,0.0,0.0633,0.0629,29.73,43.68,,,,,0,0,201,200,201,200,0.0,0.0,0.5374,0.5333,1.0,1.0,201,200,1.0,1.0,0.0,,,0.0,0.0,89,138,22,25,,,,,,,30,16,16,0.9572,0.9573,0.0001,0.6483,0.6484,0.0001,3,3,0.008,0.008,,,0,0.0,0,0,16,16,0.0428,0.0427,HARDCODED_PATHS_AND_URLS;INSECURE_URLS;WILDCARD_USAGE,HARDCODED_PATHS_AND_URLS;INSECURE_URLS;WILDCARD_USAGE,0,-0.0001,0,0,0,1,1,0,1,0,0,0,1,1,0,1,0,0,0,1,1,1,0,1,1,1
3c3cbe3527bf79593c7b67e38f718e46e3b02528,6231655f961637701adc4672be2eed08e4cacef1,android/build.gradle,build.gradle,Gradle,modified,125,32,157,36,112,4,15,0.1111,0.1339,1297.07,4776.68,36.0297,42.6489,2,2,1,1,1,1,0,0,0,0,0.5,0.5,0.0,0,0,,,1.0,1.0,0.0,0.0851,0.0143,16.06,-14.26,1.0,0.45,0.0,0.0,0,0,7,12,7,12,0.0,0.0,0.1944,0.1071,1.0,1.0,7,12,1.0,1.0,0.0,0.0,0.0,0.0,0.0,4,157,1,1,36.0,112.0,0.1111,1.4018,2.7778,0.8929,30,1,3,0.9722,0.9732,0.001,0.4907,0.4911,0.0004,0,1,0.0,0.0089,,,1,0.0089,1,0,1,3,0.0278,0.0268,WILDCARD_USAGE,HARDCODED_PATHS_AND_URLS;WILDCARD_USAGE,2,-0.001,1,0,0,0,0,0,0,0,0,0,1,0,0,0,0,0,0,0,1,0,0,0,1,1
3c3cbe3527bf79593c7b67e38f718e46e3b02528,6231655f961637701adc4672be2eed08e4cacef1,example/android/app/build.gradle,build.gradle,Gradle,modified,182,15,197,136,263,2,14,0.0147,0.0532,3098.04,9192.93,22.7797,34.9541,2,2,0,1,1,1,0,0,1,0,0.0,0.5,0.5,0,0,,,1.0,1.0,0.0,0.0329,0.0846,48.38,52.7,1.0,0.97,0.0,0.0,0,1,8,14,8,15,0.0,0.0038,0.0588,0.0532,1.0,0.9333,7,13,0.875,0.8667,-0.0083,0.0,1.0,0.0,0.0,0,197,0,1,0.0,263.0,0.0,0.749,0.0,0.3802,30,6,14,0.9559,0.9468,-0.0091,0.3603,0.5267,0.1664,2,6,0.0147,0.0228,,,4,0.0081,1,0,6,14,0.0441,0.0532,HARDCODED_PATHS_AND_URLS;INSECURE_URLS;WILDCARD_USAGE,HARDCODED_CREDENTIALS;HARDCODED_PATHS_AND_URLS;INSECURE_URLS;WILDCARD_USAGE,8,0.0091,1,0,0,1,0,0,1,0,0,0,1,0,0,1,0,0,0,1,1,1,1,1,1,1
3c3cbe3527bf79593c7b67e38f718e46e3b02528,6231655f961637701adc4672be2eed08e4cacef1,example/android/build.gradle,build.gradle,Gradle,modified,32,12,44,26,40,1,2,0.0385,0.05,630.34,1139.86,24.2438,28.4965,0,0,0,0,0,0,0,0,0,0,0.0,0.0,0.0,0,0,,,1.0,1.0,0.0,0.1212,0.1698,52.33,67.72,1.0,1.0,0.0,0.0,0,0,5,6,5,6,0.0,0.0,0.1923,0.15,1.0,1.0,5,6,1.0,1.0,0.0,0.0,0.0,0.0,0.0,0,44,0,1,0.0,40.0,0.0,1.1,0.0,2.5,30,0,1,1.0,0.975,-0.025,0.3333,0.325,-0.0083,0,0,0.0,0.0,,,0,0.0,0,0,0,1,0.0,0.025,,HARDCODED_PATHS_AND_URLS,1,0.025,1,0,0,0,0,0,0,0,0,0,0,0,0,0,0,0,0,0,0,0,0,0,0,1
3c3cbe3527bf79593c7b67e38f718e46e3b02528,6231655f961637701adc4672be2eed08e4cacef1,example/android/settings.gradle,settings.gradle,Gradle,modified,8,4,12,4,8,1,3,0.25,0.375,186.56,519.57,46.64,64.9463,0,0,0,0,0,0,0,0,0,0,0.0,0.0,0.0,0,0,,,1.0,1.0,0.0,0.0,0.0,0.0,0.0,1.0,0.62,0.0,0.0,0,0,1,1,1,1,0.0,0.0,0.25,0.125,1.0,1.0,0,0,0.0,0.0,0.0,0.0,0.0,0.0,0.0,0,12,0,1,0.0,8.0,0.0,1.5,0.0,12.5,30,0,0,1.0,1.0,0.0,0.6667,0.6667,0.0,0,0,0.0,0.0,,,0,0.0,0,0,0,0,0.0,0.0,,,0,0.0,0,0,0,0,0,0,0,0,0,0,0,0,0,0,0,0,0,0,0,0,0,0,0,0
3c3cbe3527bf79593c7b67e38f718e46e3b02528,6231655f961637701adc4672be2eed08e4cacef1,__COMMIT_TOTAL__,__COMMIT_TOTAL__,ALL,SUMMARY,347,63,410,202,423,8,34,0.0396,0.0804,5212.01,15629.04,25.802,36.9481,4,4,1,2,2,2,0,0,1,0,0.25,0.5,0.25,0,0,,,1.0,1.0,0.0,0.0549,0.0729,47.34,53.66,,,,,0,1,21,33,21,34,0.0,0.0024,0.104,0.078,1.0,0.9706,19,31,0.9048,0.9118,0.007,,,0.0,0.0,4,410,1,4,,,,,,,30,7,18,0.9653,0.9574,-0.0079,0.4368,0.5152,0.0784,2,7,0.0099,0.0165,,,5,0.0066,1,0,7,18,0.0347,0.0426,HARDCODED_PATHS_AND_URLS;INSECURE_URLS;WILDCARD_USAGE,HARDCODED_CREDENTIALS;HARDCODED_PATHS_AND_URLS;INSECURE_URLS;WILDCARD_USAGE,11,0.0079,1,0,0,1,0,0,1,0,0,0,1,0,0,1,0,0,0,1,1,1,1,1,1,1
f2d9fa675e97ef4c07163448296929a9a5bae8b9,0fd9cb780e5ac06daa74383abb30f7a745fd77f3,build.xml,build.xml,Ant,modified,159,180,339,173,180,12,10,0.0694,0.0556,1947.02,2314.05,11.2545,12.8558,0,0,0,0,0,0,0,0,0,0,0.0,0.0,0.0,0,0,,,1.0,1.0,0.0,0.3259,0.2475,56.79,49.43,0.0,0.0,0.081,0.039,0,0,0,0,0,0,0.0,0.0,0.0,0.0,0.0,0.0,0,0,0.0,0.0,0.0,0.0,0.0,0.0,0.0,200,502,7,9,166.7143,171.5556,1.1997,2.9262,4.1988,5.2461,30,21,18,0.8786,0.9,0.0214,0.6262,0.6333,0.0071,2,1,0.0116,0.0056,,,-1,-0.006,0,1,21,18,0.1214,0.1,HARDCODED_CREDENTIALS;HARDCODED_PATHS_AND_URLS;INSECURE_URLS;WILDCARD_USAGE,HARDCODED_CREDENTIALS;HARDCODED_PATHS_AND_URLS;INSECURE_URLS;WILDCARD_USAGE,-3,-0.0214,0,1,0,0,1,0,1,0,0,0,0,1,0,0,0,0,1,1,1,1,1,1,1,1
f2d9fa675e97ef4c07163448296929a9a5bae8b9,0fd9cb780e5ac06daa74383abb30f7a745fd77f3,__COMMIT_TOTAL__,__COMMIT_TOTAL__,ALL,SUMMARY,159,180,339,173,180,12,10,0.0694,0.0556,1947.02,2314.05,11.2545,12.8558,0,0,0,0,0,0,0,0,0,0,0.0,0.0,0.0,0,0,,,1.0,1.0,0.0,0.3259,0.2475,56.79,49.43,,,,,0,0,0,0,0,0,0.0,0.0,0.0,0.0,0.0,0.0,0,0,0.0,0.0,0.0,,,0.0,0.0,200,502,7,9,,,,,,,30,21,18,0.8786,0.9,0.0214,0.6262,0.6333,0.0071,2,1,0.0116,0.0056,,,-1,-0.006,0,1,21,18,0.1214,0.1,HARDCODED_CREDENTIALS;HARDCODED_PATHS_AND_URLS;INSECURE_URLS;WILDCARD_USAGE,HARDCODED_CREDENTIALS;HARDCODED_PATHS_AND_URLS;INSECURE_URLS;WILDCARD_USAGE,-3,-0.0214,0,1,0,0,1,0,1,0,0,0,0,1,0,0,0,0,1,1,1,1,1,1,1,1
208e81c971f0a92d9cc17ca07ef2aad926a53863,549742cab6f4be56ccadcb258c380f9363bb066e,build.xml,build.xml,Ant,modified,24,28,52,477,453,2,2,0.0042,0.0044,5304.39,4926.35,11.1203,10.8749,0,0,0,0,0,0,0,0,0,0,0.0,0.0,0.0,0,0,,,1.0,1.0,0.0,0.0845,0.1238,25.06,25.22,0.33,0.33,0.482,0.472,0,0,0,0,0,0,0.0,0.0,0.0,0.0,0.0,0.0,0,0,0.0,0.0,0.0,0.0,0.0,0.0,0.0,0,0,0,0,0.0,0.0,0.0,0.0,0.0,0.0,30,36,36,0.9245,0.9205,-0.004,0.6415,0.6402,-0.0013,3,3,0.0063,0.0066,,,0,0.0003,0,0,36,36,0.0755,0.0795,WILDCARD_USAGE,WILDCARD_USAGE,0,0.004,0,0,1,0,0,0,0,0,0,1,0,0,0,0,0,0,0,0,1,0,0,0,1,0
208e81c971f0a92d9cc17ca07ef2aad926a53863,549742cab6f4be56ccadcb258c380f9363bb066e,__COMMIT_TOTAL__,__COMMIT_TOTAL__,ALL,SUMMARY,24,28,52,477,453,2,2,0.0042,0.0044,5304.39,4926.35,11.1203,10.8749,0,0,0,0,0,0,0,0,0,0,0.0,0.0,0.0,0,0,,,1.0,1.0,0.0,0.0845,0.1238,25.06,25.22,,,,,0,0,0,0,0,0,0.0,0.0,0.0,0.0,0.0,0.0,0,0,0.0,0.0,0.0,,,0.0,0.0,0,0,0,0,,,,,,,30,36,36,0.9245,0.9205,-0.004,0.6415,0.6402,-0.0013,3,3,0.0063,0.0066,,,0,0.0003,0,0,36,36,0.0755,0.0795,WILDCARD_USAGE,WILDCARD_USAGE,0,0.004,0,0,1,0,0,0,0,0,0,1,0,0,0,0,0,0,0,0,1,0,0,0,1,0
ae44501eee3ace9fd670d0e0a62d2ca076920c8b,7ae55f5a9ffb3e40b3f08382fa5f74c9693e06e9,build.xml,build.xml,Ant,modified,276,193,469,140,220,2,3,0.0143,0.0136,1066.69,1949.77,7.6192,8.8626,0,0,0,0,0,0,0,0,0,0,0.0,0.0,0.0,0,0,,,1.0,1.0,0.0,0.3802,0.2929,11.18,45.43,0.77,0.9,0.264,0.386,0,0,0,0,0,0,0.0,0.0,0.0,0.0,0.0,0.0,0,0,0.0,0.0,0.0,0.0,0.0,0.0,0.0,0,469,0,1,0.0,220.0,0.0,2.1318,0.0,0.4545,30,4,13,0.9714,0.9409,-0.0305,0.6571,0.647,-0.0101,6,1,0.0429,0.0045,,,-5,-0.0384,0,1,4,13,0.0286,0.0591,HARDCODED_PATHS_AND_URLS;INSECURE_URLS;WILDCARD_USAGE,HARDCODED_PATHS_AND_URLS;INSECURE_URLS;WILDCARD_USAGE,9,0.0305,1,0,1,0,0,0,1,0,0,0,0,1,0,0,0,0,0,1,1,1,0,1,1,1
ae44501eee3ace9fd670d0e0a62d2ca076920c8b,7ae55f5a9ffb3e40b3f08382fa5f74c9693e06e9,__COMMIT_TOTAL__,__COMMIT_TOTAL__,ALL,SUMMARY,276,193,469,140,220,2,3,0.0143,0.0136,1066.69,1949.77,7.6192,8.8626,0,0,0,0,0,0,0,0,0,0,0.0,0.0,0.0,0,0,,,1.0,1.0,0.0,0.3802,0.2929,11.18,45.43,,,,,0,0,0,0,0,0,0.0,0.0,0.0,0.0,0.0,0.0,0,0,0.0,0.0,0.0,,,0.0,0.0,0,469,0,1,,,,,,,30,4,13,0.9714,0.9409,-0.0305,0.6571,0.647,-0.0101,6,1,0.0429,0.0045,,,-5,-0.0384,0,1,4,13,0.0286,0.0591,HARDCODED_PATHS_AND_URLS;INSECURE_URLS;WILDCARD_USAGE,HARDCODED_PATHS_AND_URLS;INSECURE_URLS;WILDCARD_USAGE,9,0.0305,1,0,1,0,0,0,1,0,0,0,0,1,0,0,0,0,0,1,1,1,0,1,1,1
68ce18ab2b2bec4f866dc2306a79e69b38907742,485bb8e33ede789c578512250e5932f095d3466a,build.xml,build.xml,Ant,modified,21,12,33,88,95,8,8,0.0909,0.0842,661.25,733.17,7.5142,7.7176,0,0,0,0,0,0,0,0,0,0,0.0,0.0,0.0,0,0,,,1.0,1.0,0.0,0.04,0.0459,14.27,59.75,0.69,0.72,0.0,0.0,0,0,0,0,0,0,0.0,0.0,0.0,0.0,0.0,0.0,0,0,0.0,0.0,0.0,0.0,0.0,0.0,0.0,79,112,10,11,75.9,77.6364,1.0408,1.4426,13.1752,14.1686,30,11,11,0.875,0.8842,0.0092,0.625,0.6281,0.0031,0,0,0.0,0.0,,,0,0.0,0,0,11,11,0.125,0.1158,HARDCODED_PATHS_AND_URLS;INSECURE_URLS;WILDCARD_USAGE,HARDCODED_PATHS_AND_URLS;INSECURE_URLS;WILDCARD_USAGE,0,-0.0092,0,0,0,0,0,0,0,0,0,0,0,0,0,0,0,0,0,1,1,1,0,1,1,1
68ce18ab2b2bec4f866dc2306a79e69b38907742,485bb8e33ede789c578512250e5932f095d3466a,__COMMIT_TOTAL__,__COMMIT_TOTAL__,ALL,SUMMARY,21,12,33,88,95,8,8,0.0909,0.0842,661.25,733.17,7.5142,7.7176,0,0,0,0,0,0,0,0,0,0,0.0,0.0,0.0,0,0,,,1.0,1.0,0.0,0.04,0.0459,14.27,59.75,,,,,0,0,0,0,0,0,0.0,0.0,0.0,0.0,0.0,0.0,0,0,0.0,0.0,0.0,,,0.0,0.0,79,112,10,11,,,,,,,30,11,11,0.875,0.8842,0.0092,0.625,0.6281,0.0031,0,0,0.0,0.0,,,0,0.0,0,0,11,11,0.125,0.1158,HARDCODED_PATHS_AND_URLS;INSECURE_URLS;WILDCARD_USAGE,HARDCODED_PATHS_AND_URLS;INSECURE_URLS;WILDCARD_USAGE,0,-0.0092,0,0,0,0,0,0,0,0,0,0,0,0,0,0,0,0,0,1,1,1,0,1,1,1
3fb402dd59c6363f096717a9d2f27b5559886a97,117dc3182e481c725db167aacbe22f9f86d61a66,build.xml,build.xml,Ant,modified,9,8,17,1279,1279,99,101,0.0774,0.079,14944.74,14959.56,11.6847,11.6963,0,0,0,0,0,0,0,0,0,0,0.0,0.0,0.0,0,0,,,1.0,1.0,0.0,0.1061,0.1061,36.33,36.33,0.92,0.92,0.219,0.221,0,0,0,0,0,0,0.0,0.0,0.0,0.0,0.0,0.0,0,0,0.0,0.0,0.0,0.0,0.0,0.0,0.0,46,63,9,10,1270.1111,1271.0,0.0362,0.0496,0.7086,0.7868,30,50,50,0.9609,0.9609,0.0,0.6536,0.6536,0.0,3,3,0.0023,0.0023,,,0,0.0,0,0,50,50,0.0391,0.0391,HARDCODED_CREDENTIALS;HARDCODED_PATHS_AND_URLS;INSECURE_URLS;WILDCARD_USAGE,HARDCODED_CREDENTIALS;HARDCODED_PATHS_AND_URLS;INSECURE_URLS;WILDCARD_USAGE,0,0.0,0,0,1,0,1,0,0,0,0,1,0,1,0,0,0,0,1,1,1,1,1,1,1,1
3fb402dd59c6363f096717a9d2f27b5559886a97,117dc3182e481c725db167aacbe22f9f86d61a66,__COMMIT_TOTAL__,__COMMIT_TOTAL__,ALL,SUMMARY,9,8,17,1279,1279,99,101,0.0774,0.079,14944.74,14959.56,11.6847,11.6963,0,0,0,0,0,0,0,0,0,0,0.0,0.0,0.0,0,0,,,1.0,1.0,0.0,0.1061,0.1061,36.33,36.33,,,,,0,0,0,0,0,0,0.0,0.0,0.0,0.0,0.0,0.0,0,0,0.0,0.0,0.0,,,0.0,0.0,46,63,9,10,,,,,,,30,50,50,0.9609,0.9609,0.0,0.6536,0.6536,0.0,3,3,0.0023,0.0023,,,0,0.0,0,0,50,50,0.0391,0.0391,HARDCODED_CREDENTIALS;HARDCODED_PATHS_AND_URLS;INSECURE_URLS;WILDCARD_USAGE,HARDCODED_CREDENTIALS;HARDCODED_PATHS_AND_URLS;INSECURE_URLS;WILDCARD_USAGE,0,0.0,0,0,1,0,1,0,0,0,0,1,0,1,0,0,0,0,1,1,1,1,1,1,1,1
