Commit_SHA,Parent_SHA,File_Path,File_Name,Tool,Status,Normalized_CC_Before,Normalized_CC_After,Normalized_HV_Before,Normalized_HV_After,Comment_Ratio_Before,Comment_Ratio_After,Comment_Readability_Before,Comment_Readability_After,Style_Conformance_Score_Before,Style_Conformance_Score_After,Clone_Density_Before,Clone_Density_After
75b2e5cc9734bb3db49ce118b9e2935ed7d90e77,52b0cc035507178ee02433f109d3ae483c9ba7cf,ReactAndroid/build.gradle,build.gradle,Gradle,modified,0.1044,0.1044,67.4396,66.624,0.0455,0.0475,55.67,52.0,0.95,0.95,0.0,0.0
75b2e5cc9734bb3db49ce118b9e2935ed7d90e77,52b0cc035507178ee02433f109d3ae483c9ba7cf,__COMMIT_TOTAL__,__COMMIT_TOTAL__,ALL,SUMMARY,0.1044,0.1044,67.4396,66.624,0.0455,0.0475,55.67,52.0,,,,
3529583bdcc11a846a7664c7deb9010c82faaaa7,118a86cc23d4185cb88ae3c5f68a594ebaf0c4c8,build.gradle,build.gradle,Gradle,modified,0.06,0.06,50.2337,50.2337,0.1443,0.1443,60.44,60.44,0.97,0.97,0.044,0.044
3529583bdcc11a846a7664c7deb9010c82faaaa7,118a86cc23d4185cb88ae3c5f68a594ebaf0c4c8,cloudant-client/build.gradle,build.gradle,Gradle,modified,0.0588,0.0794,42.6103,49.4861,0.109,0.1543,54.16,56.52,0.87,0.85,0.0,0.0
3529583bdcc11a846a7664c7deb9010c82faaaa7,118a86cc23d4185cb88ae3c5f68a594ebaf0c4c8,__COMMIT_TOTAL__,__COMMIT_TOTAL__,ALL,SUMMARY,0.0595,0.0688,46.8612,49.8924,0.1289,0.1489,58.16,58.85,,,,
0bd7cd766513926085c9eac3ed865bbe936f9ace,0475b6206f11a57c974cda0fdd9d76bff9fc7eff,app/build.gradle,build.gradle,Gradle,modified,0.0145,0.0145,53.5155,54.7041,0.1333,0.1333,40.25,40.25,1.0,1.0,0.0,0.0
0bd7cd766513926085c9eac3ed865bbe936f9ace,0475b6206f11a57c974cda0fdd9d76bff9fc7eff,__COMMIT_TOTAL__,__COMMIT_TOTAL__,ALL,SUMMARY,0.0145,0.0145,53.5155,54.7041,0.1333,0.1333,40.25,40.25,,,,
77bb3fc79952c18d3d8e5290b0f5ec8500bb7703,5f2555bed379cf40b66ac451adb9d86127dde3dc,app/build.gradle,build.gradle,Gradle,modified,0.0256,0.0112,46.6192,47.8215,0.0,0.0291,0.0,3.34,1.0,0.97,0.0,0.112
77bb3fc79952c18d3d8e5290b0f5ec8500bb7703,5f2555bed379cf40b66ac451adb9d86127dde3dc,build.gradle,build.gradle,Gradle,modified,0.0556,0.05,27.5,30.996,0.0435,0.0385,64.45,64.45,1.0,1.0,0.0,0.0
77bb3fc79952c18d3d8e5290b0f5ec8500bb7703,5f2555bed379cf40b66ac451adb9d86127dde3dc,__COMMIT_TOTAL__,__COMMIT_TOTAL__,ALL,SUMMARY,0.0351,0.0183,40.5816,44.7342,0.0154,0.031,64.45,49.17,,,,
4f03800c1236a947e831b3fa372720ca75071b77,ad29434ac054b0c858b979801bf00a04ee977861,build.gradle,build.gradle,Gradle,modified,0.0256,0.0253,56.8588,58.2833,0.1,0.1009,46.51,46.51,0.45,0.46,0.078,0.0
4f03800c1236a947e831b3fa372720ca75071b77,ad29434ac054b0c858b979801bf00a04ee977861,buildSrc/build.gradle,build.gradle,Gradle,modified,0.0208,0.0217,45.4725,45.9617,0.2824,0.2927,45.93,45.13,0.46,0.46,0.0,0.0
4f03800c1236a947e831b3fa372720ca75071b77,ad29434ac054b0c858b979801bf00a04ee977861,project/deviceComponents/deviceControlDaemon/build.gradle,build.gradle,Gradle,modified,0.0164,0.0161,45.6789,46.6748,0.2828,0.28,45.35,45.35,0.36,0.37,0.0,0.0
4f03800c1236a947e831b3fa372720ca75071b77,ad29434ac054b0c858b979801bf00a04ee977861,project/deviceComponents/deviceControlDaemon/settings.gradle,settings.gradle,Gradle,modified,0.0769,0.0909,16.9231,11.7745,0.5854,0.6316,46.98,46.98,0.92,1.0,0.0,0.0
4f03800c1236a947e831b3fa372720ca75071b77,ad29434ac054b0c858b979801bf00a04ee977861,project/pcComponents/core/build.gradle,build.gradle,Gradle,modified,0.0159,0.0156,36.731,36.9553,0.2712,0.2689,40.67,40.67,0.4,0.39,0.0,0.0
4f03800c1236a947e831b3fa372720ca75071b77,ad29434ac054b0c858b979801bf00a04ee977861,versions.gradle,versions.gradle,Gradle,modified,0.1,0.1,25.036,25.036,0.0714,0.0714,64.63,64.63,0.2,0.2,0.0,0.0
4f03800c1236a947e831b3fa372720ca75071b77,ad29434ac054b0c858b979801bf00a04ee977861,__COMMIT_TOTAL__,__COMMIT_TOTAL__,ALL,SUMMARY,0.0256,0.0257,44.6465,45.4319,0.257,0.2597,45.46,45.35,,,,
2db614bf4ea19572e49994d9d18e90acaf882147,69e0a4f0b68f0549c083f94b4db16cf62f4be4ae,sample/build.gradle,build.gradle,Gradle,modified,0.04,0.0357,32.8396,33.1846,0.0,0.0,0.0,0.0,1.0,1.0,0.0,0.0
2db614bf4ea19572e49994d9d18e90acaf882147,69e0a4f0b68f0549c083f94b4db16cf62f4be4ae,__COMMIT_TOTAL__,__COMMIT_TOTAL__,ALL,SUMMARY,0.04,0.0357,32.8396,33.1846,0.0,0.0,0.0,0.0,,,,
60685c95bdece53d102a7ef3c153633b7b441033,026088e253294657462848bf6c09fc792255cc90,build.gradle,build.gradle,Gradle,modified,0.0476,0.0556,32.2505,36.1517,0.0,0.0,0.0,0.0,1.0,1.0,0.0,0.0
60685c95bdece53d102a7ef3c153633b7b441033,026088e253294657462848bf6c09fc792255cc90,demo/build.gradle,build.gradle,Gradle,modified,0.0196,0.0196,68.3457,68.5608,0.0,0.0,0.0,0.0,1.0,1.0,0.0,0.0
60685c95bdece53d102a7ef3c153633b7b441033,026088e253294657462848bf6c09fc792255cc90,dependencies.gradle,dependencies.gradle,Gradle,modified,0.0182,0.0167,30.0022,31.6632,0.0,0.0,0.0,0.0,1.0,1.0,0.0,0.0
60685c95bdece53d102a7ef3c153633b7b441033,026088e253294657462848bf6c09fc792255cc90,library/build.gradle,build.gradle,Gradle,modified,0.0294,0.0303,48.815,49.5464,0.0,0.0,0.0,0.0,1.0,1.0,0.0,0.0
60685c95bdece53d102a7ef3c153633b7b441033,026088e253294657462848bf6c09fc792255cc90,__COMMIT_TOTAL__,__COMMIT_TOTAL__,ALL,SUMMARY,0.0248,0.0247,46.4144,47.4207,0.0,0.0,0.0,0.0,,,,
31dbe22da1682dc548af1a03ed659d38373b450b,7cee8b8ff517a273049266db82f37e2264d69515,build.gradle,build.gradle,Gradle,modified,0.0395,0.039,42.1876,42.2497,0.011,0.0109,38.3,38.3,0.92,0.92,0.079,0.078
31dbe22da1682dc548af1a03ed659d38373b450b,7cee8b8ff517a273049266db82f37e2264d69515,__COMMIT_TOTAL__,__COMMIT_TOTAL__,ALL,SUMMARY,0.0395,0.039,42.1876,42.2497,0.011,0.0109,38.3,38.3,,,,
354b5d5629dd28fad6943746051418bc716fe7f8,0af45926de5e70a254a22eebf36dc8617dac5685,elasticviews/build.gradle,build.gradle,Gradle,modified,0.0345,0.0345,46.0469,46.0469,0.0278,0.0278,0.0,0.0,1.0,1.0,0.0,0.0
354b5d5629dd28fad6943746051418bc716fe7f8,0af45926de5e70a254a22eebf36dc8617dac5685,__COMMIT_TOTAL__,__COMMIT_TOTAL__,ALL,SUMMARY,0.0345,0.0345,46.0469,46.0469,0.0278,0.0278,0.0,0.0,,,,
e7f29e455ad6cc76904e1368cae1a1b1af7399d6,48d1446a804724e287264a47f796d92617a22d7c,app/build.gradle,build.gradle,Gradle,modified,0.0192,0.0192,48.6163,48.6163,0.0897,0.0897,-1.25,-1.25,1.0,1.0,0.0,0.0
e7f29e455ad6cc76904e1368cae1a1b1af7399d6,48d1446a804724e287264a47f796d92617a22d7c,__COMMIT_TOTAL__,__COMMIT_TOTAL__,ALL,SUMMARY,0.0192,0.0192,48.6163,48.6163,0.0897,0.0897,-1.25,-1.25,,,,
17441277f445ab262366a34bf9be856bf48bf544,f44398f737e02ffd5ddeacd5d5ed0dce2abd5746,build.gradle,build.gradle,Gradle,modified,0.069,0.0263,28.6952,32.4347,0.0769,0.0962,52.11,46.61,0.45,0.5,0.0,0.0
17441277f445ab262366a34bf9be856bf48bf544,f44398f737e02ffd5ddeacd5d5ed0dce2abd5746,gradle/maven_push.gradle,maven_push.gradle,Gradle,renamed,0.0,0.0778,0.0,53.831,0.0,0.0202,0.0,56.25,0.0,0.41,0.0,0.067
17441277f445ab262366a34bf9be856bf48bf544,f44398f737e02ffd5ddeacd5d5ed0dce2abd5746,tracklytics-plugin/build.gradle,build.gradle,Gradle,modified,0.027,0.0294,37.3176,37.1991,0.0,0.0,0.0,0.0,0.3,0.26,0.0,0.0
17441277f445ab262366a34bf9be856bf48bf544,f44398f737e02ffd5ddeacd5d5ed0dce2abd5746,tracklytics-runtime/build.gradle,build.gradle,Gradle,modified,0.1013,0.1013,50.6889,53.1005,0.0,0.0,0.0,0.0,0.47,0.47,0.0,0.0
17441277f445ab262366a34bf9be856bf48bf544,f44398f737e02ffd5ddeacd5d5ed0dce2abd5746,__COMMIT_TOTAL__,__COMMIT_TOTAL__,ALL,SUMMARY,0.0759,0.0705,42.8781,47.8715,0.017,0.0246,52.93,52.02,,,,
14a86e0028b1aaeb00a01197d229dff33fe80712,cd1a0cc7ccdc400eff1252ffd14ee8eb90ed04e8,build.gradle,build.gradle,Gradle,modified,0.0909,0.06,43.4602,48.1658,0.0,0.0,0.0,27.36,1.0,1.0,0.0,0.0
14a86e0028b1aaeb00a01197d229dff33fe80712,cd1a0cc7ccdc400eff1252ffd14ee8eb90ed04e8,__COMMIT_TOTAL__,__COMMIT_TOTAL__,ALL,SUMMARY,0.0909,0.06,43.4602,48.1658,0.0,0.0,0.0,27.36,,,,
d6e5e7b44a25f678b2fdb2827306ffe34c75bff7,b083417e5b86ceda11db036e3e5c57ebf2049af4,DaliTestApp/build.gradle,build.gradle,Gradle,modified,0.0213,0.0192,53.0089,64.781,0.0182,0.0161,54.73,54.73,1.0,1.0,0.0,0.0
d6e5e7b44a25f678b2fdb2827306ffe34c75bff7,b083417e5b86ceda11db036e3e5c57ebf2049af4,build.gradle,build.gradle,Gradle,modified,0.0857,0.0357,23.8243,30.4364,0.0,0.0,92.97,0.0,1.0,1.0,0.0,0.0
d6e5e7b44a25f678b2fdb2827306ffe34c75bff7,b083417e5b86ceda11db036e3e5c57ebf2049af4,dali/build.gradle,build.gradle,Gradle,modified,0.0238,0.0233,56.2771,59.7063,0.0,0.0,0.0,0.0,1.0,1.0,0.0,0.0
d6e5e7b44a25f678b2fdb2827306ffe34c75bff7,b083417e5b86ceda11db036e3e5c57ebf2049af4,gradle/common-build.gradle,common-build.gradle,Gradle,added,0.0,0.1724,0.0,18.7238,0.0,0.0,0.0,0.0,0.0,0.78,0.0,0.0
d6e5e7b44a25f678b2fdb2827306ffe34c75bff7,b083417e5b86ceda11db036e3e5c57ebf2049af4,gradle/publish.gradle,publish.gradle,Gradle,renamed,0.0,0.0119,0.0,52.9955,0.0,0.1028,0.0,45.91,0.0,0.93,0.0,0.0
d6e5e7b44a25f678b2fdb2827306ffe34c75bff7,b083417e5b86ceda11db036e3e5c57ebf2049af4,__COMMIT_TOTAL__,__COMMIT_TOTAL__,ALL,SUMMARY,0.0403,0.0528,45.8783,46.5125,0.007,0.038,80.9,46.19,,,,
1c21bde52c98c96f56d6508b3e00305fd656ce06,6ab16830c2798e418e573e80c1e4b1ba9ff81bc5,speechrecognitionview/build.gradle,build.gradle,Gradle,modified,0.0769,0.0909,39.8677,38.2445,0.0,0.0,0.0,0.0,1.0,1.0,0.0,0.0
1c21bde52c98c96f56d6508b3e00305fd656ce06,6ab16830c2798e418e573e80c1e4b1ba9ff81bc5,__COMMIT_TOTAL__,__COMMIT_TOTAL__,ALL,SUMMARY,0.0769,0.0909,39.8677,38.2445,0.0,0.0,0.0,0.0,,,,
91ef8961461561a1f569f76a3d5f1603b12a2921,13916c8471abc88f662b0b447b02b5c1443547c5,build.gradle,build.gradle,Gradle,modified,0.0361,0.0707,51.1522,48.8042,0.129,0.1103,29.29,29.29,1.0,0.94,0.0,0.0
91ef8961461561a1f569f76a3d5f1603b12a2921,13916c8471abc88f662b0b447b02b5c1443547c5,build.workaround-missing-resource.gradle,build.workaround-missing-resource.gradle,Gradle,renamed,0.0,0.0833,0.0,55.0567,0.0,0.3913,0.0,58.77,0.0,0.0,0.0,0.0
91ef8961461561a1f569f76a3d5f1603b12a2921,13916c8471abc88f662b0b447b02b5c1443547c5,storio-content-resolver-annotations-processor-test/build.gradle,build.gradle,Gradle,modified,0.1667,0.0625,37.023,45.0819,0.0,0.0,0.0,0.0,0.8,1.0,0.0,0.0
91ef8961461561a1f569f76a3d5f1603b12a2921,13916c8471abc88f662b0b447b02b5c1443547c5,storio-sqlite-annotations-processor-test/build.gradle,build.gradle,Gradle,modified,0.1667,0.0625,37.023,45.0819,0.0,0.0,0.0,0.0,0.8,1.0,0.0,0.0
91ef8961461561a1f569f76a3d5f1603b12a2921,13916c8471abc88f662b0b447b02b5c1443547c5,storio-sqlite-annotations-processor-test/build.workaround-missing-resource.gradle,build.workaround-missing-resource.gradle,Gradle,removed,0.0833,0.0,55.0567,0.0,0.3913,0.0,58.77,0.0,0.0,0.0,0.0,0.0
91ef8961461561a1f569f76a3d5f1603b12a2921,13916c8471abc88f662b0b447b02b5c1443547c5,__COMMIT_TOTAL__,__COMMIT_TOTAL__,ALL,SUMMARY,0.0903,0.0699,45.9851,48.4959,0.1152,0.1214,46.19,46.19,,,,
adcaeab64fb435d35f1f6e9559e591277470ef6d,50a7c87f2cd9ff2b44c59f34561706dfece0f749,javatests/artifacts/dagger/build.gradle,build.gradle,Gradle,renamed,0.0,0.0789,0.0,16.2137,0.0,0.0,0.0,51.32,0.0,0.66,0.0,0.0
adcaeab64fb435d35f1f6e9559e591277470ef6d,50a7c87f2cd9ff2b44c59f34561706dfece0f749,javatests/artifacts/dagger/java-app/build.gradle,build.gradle,Gradle,renamed,0.0,0.037,0.0,12.0567,0.0,0.0312,0.0,50.97,0.0,0.85,0.0,0.0
adcaeab64fb435d35f1f6e9559e591277470ef6d,50a7c87f2cd9ff2b44c59f34561706dfece0f749,javatests/artifacts/dagger/kotlin-app/build.gradle,build.gradle,Gradle,renamed,0.0,0.0286,0.0,23.4203,0.0,0.0889,0.0,44.93,0.0,0.8,0.0,0.0
adcaeab64fb435d35f1f6e9559e591277470ef6d,50a7c87f2cd9ff2b44c59f34561706dfece0f749,javatests/artifacts/dagger/kotlin-app/kotlin-library/build.gradle,build.gradle,Gradle,renamed,0.0,0.0333,0.0,17.3397,0.0,0.1053,0.0,44.93,0.0,0.8,0.0,0.0
adcaeab64fb435d35f1f6e9559e591277470ef6d,50a7c87f2cd9ff2b44c59f34561706dfece0f749,javatests/artifacts/dagger/settings.gradle,settings.gradle,Gradle,added,0.0,0.25,0.0,30.27,0.0,0.0,0.0,0.0,0.0,1.0,0.0,0.0
adcaeab64fb435d35f1f6e9559e591277470ef6d,50a7c87f2cd9ff2b44c59f34561706dfece0f749,javatests/artifacts/dagger/simpleKotlin/settings.gradle,settings.gradle,Gradle,removed,0.3333,0.0,29.8967,0.0,0.0,0.0,0.0,0.0,1.0,0.0,0.0,0.0
adcaeab64fb435d35f1f6e9559e591277470ef6d,50a7c87f2cd9ff2b44c59f34561706dfece0f749,__COMMIT_TOTAL__,__COMMIT_TOTAL__,ALL,SUMMARY,0.3333,0.0522,29.8967,17.9301,0.0,0.0563,0.0,47.73,,,,
49cd79581fe93c2e620cb90e68c72779ed8d5706,e593ef58fcdd4eced8abc083addfcd8dd9e786c8,blessedDeps.gradle,blessedDeps.gradle,Gradle,added,0.0,0.0213,0.0,44.8828,0.0,0.0,0.0,40.75,0.0,1.0,0.0,0.0
49cd79581fe93c2e620cb90e68c72779ed8d5706,e593ef58fcdd4eced8abc083addfcd8dd9e786c8,build.gradle,build.gradle,Gradle,modified,0.2364,0.2321,30.0658,31.1438,0.0147,0.0145,40.03,40.03,0.51,0.5,0.0,0.0
49cd79581fe93c2e620cb90e68c72779ed8d5706,e593ef58fcdd4eced8abc083addfcd8dd9e786c8,epoxy-adapter/build.gradle,build.gradle,Gradle,modified,0.0476,0.0385,40.051,73.0096,0.0,0.0,0.0,0.0,0.33,0.42,0.0,0.0
49cd79581fe93c2e620cb90e68c72779ed8d5706,e593ef58fcdd4eced8abc083addfcd8dd9e786c8,epoxy-annotations/build.gradle,build.gradle,Gradle,modified,0.125,0.125,37.885,42.9838,0.0,0.0,0.0,0.0,0.75,0.75,0.0,0.0
49cd79581fe93c2e620cb90e68c72779ed8d5706,e593ef58fcdd4eced8abc083addfcd8dd9e786c8,epoxy-processor/build.gradle,build.gradle,Gradle,modified,0.0769,0.0588,39.6154,53.9435,0.0,0.0,0.0,0.0,0.62,0.59,0.0,0.0
49cd79581fe93c2e620cb90e68c72779ed8d5706,e593ef58fcdd4eced8abc083addfcd8dd9e786c8,epoxy-processortest/build.gradle,build.gradle,Gradle,modified,0.0455,0.0455,59.3364,74.895,0.0,0.0,0.0,0.0,0.32,0.32,0.0,0.0
49cd79581fe93c2e620cb90e68c72779ed8d5706,e593ef58fcdd4eced8abc083addfcd8dd9e786c8,epoxy-sample/build.gradle,build.gradle,Gradle,modified,0.0455,0.0385,42.9027,57.4535,0.0,0.0,0.0,61.24,0.32,0.38,0.0,0.0
49cd79581fe93c2e620cb90e68c72779ed8d5706,e593ef58fcdd4eced8abc083addfcd8dd9e786c8,processor/build.gradle,build.gradle,Gradle,modified,0.0714,0.0714,41.4029,62.3343,0.0,0.0,0.0,0.0,0.5,0.5,0.0,0.0
49cd79581fe93c2e620cb90e68c72779ed8d5706,e593ef58fcdd4eced8abc083addfcd8dd9e786c8,__COMMIT_TOTAL__,__COMMIT_TOTAL__,ALL,SUMMARY,0.1226,0.0926,39.6237,51.0503,0.0052,0.0039,40.03,48.77,,,,
64130eacea59c5f95fce454aa5b1a30e84aa0b98,2b92c35faf02480c5e57cb57a2666d41c1f6f273,build.gradle,build.gradle,Gradle,modified,0.0234,0.0234,58.5289,58.1131,0.015,0.015,30.16,30.16,0.98,0.98,0.0,0.0
64130eacea59c5f95fce454aa5b1a30e84aa0b98,2b92c35faf02480c5e57cb57a2666d41c1f6f273,__COMMIT_TOTAL__,__COMMIT_TOTAL__,ALL,SUMMARY,0.0234,0.0234,58.5289,58.1131,0.015,0.015,30.16,30.16,,,,
3b4c4f5a5147304d8b16a11ee4c90bcc784a0894,59b0f69ba734388f84c93327ebd12bb27172f4a1,App/build.gradle,build.gradle,Gradle,modified,0.0444,0.049,46.7877,40.7324,0.0248,0.0065,59.92,60.1,0.21,0.36,0.0,0.094
3b4c4f5a5147304d8b16a11ee4c90bcc784a0894,59b0f69ba734388f84c93327ebd12bb27172f4a1,__COMMIT_TOTAL__,__COMMIT_TOTAL__,ALL,SUMMARY,0.0444,0.049,46.7877,40.7324,0.0248,0.0065,59.92,60.1,,,,
c9f9fde75f95eab90c01e1e088710668c9882f83,caca583ad306246083e573d7bab4dc2ec41650a9,app/build.gradle,build.gradle,Gradle,modified,0.0115,0.0119,64.26,62.0509,0.0,0.0,43.24,43.24,0.99,0.99,0.139,0.079
c9f9fde75f95eab90c01e1e088710668c9882f83,caca583ad306246083e573d7bab4dc2ec41650a9,__COMMIT_TOTAL__,__COMMIT_TOTAL__,ALL,SUMMARY,0.0115,0.0119,64.26,62.0509,0.0,0.0,43.24,43.24,,,,
14c1e8d7187820d5cf4fc2aeb33b83ce71d48ba8,78945f82d2cc3531b968e2b689ebd77c79d1de57,build.gradle,build.gradle,Gradle,modified,0.0267,0.0267,69.7959,69.8185,0.0633,0.0629,29.73,43.68,0.98,0.98,0.0,0.0
14c1e8d7187820d5cf4fc2aeb33b83ce71d48ba8,78945f82d2cc3531b968e2b689ebd77c79d1de57,__COMMIT_TOTAL__,__COMMIT_TOTAL__,ALL,SUMMARY,0.0267,0.0267,69.7959,69.8185,0.0633,0.0629,29.73,43.68,,,,
3c3cbe3527bf79593c7b67e38f718e46e3b02528,6231655f961637701adc4672be2eed08e4cacef1,android/build.gradle,build.gradle,Gradle,modified,0.1111,0.1339,36.0297,42.6489,0.0851,0.0143,16.06,-14.26,1.0,0.45,0.0,0.0
3c3cbe3527bf79593c7b67e38f718e46e3b02528,6231655f961637701adc4672be2eed08e4cacef1,example/android/app/build.gradle,build.gradle,Gradle,modified,0.0147,0.0532,22.7797,34.9541,0.0329,0.0846,48.38,52.7,1.0,0.97,0.0,0.0
3c3cbe3527bf79593c7b67e38f718e46e3b02528,6231655f961637701adc4672be2eed08e4cacef1,example/android/build.gradle,build.gradle,Gradle,modified,0.0385,0.05,24.2438,28.4965,0.1212,0.1698,52.33,67.72,1.0,1.0,0.0,0.0
3c3cbe3527bf79593c7b67e38f718e46e3b02528,6231655f961637701adc4672be2eed08e4cacef1,example/android/settings.gradle,settings.gradle,Gradle,modified,0.25,0.375,46.64,64.9463,0.0,0.0,0.0,0.0,1.0,0.62,0.0,0.0
3c3cbe3527bf79593c7b67e38f718e46e3b02528,6231655f961637701adc4672be2eed08e4cacef1,__COMMIT_TOTAL__,__COMMIT_TOTAL__,ALL,SUMMARY,0.0396,0.0804,25.802,36.9481,0.0549,0.0729,47.34,53.66,,,,
f2d9fa675e97ef4c07163448296929a9a5bae8b9,0fd9cb780e5ac06daa74383abb30f7a745fd77f3,build.xml,build.xml,Ant,modified,0.0694,0.0556,11.2545,12.8558,0.3259,0.2475,56.79,49.43,0.0,0.0,0.081,0.039
f2d9fa675e97ef4c07163448296929a9a5bae8b9,0fd9cb780e5ac06daa74383abb30f7a745fd77f3,__COMMIT_TOTAL__,__COMMIT_TOTAL__,ALL,SUMMARY,0.0694,0.0556,11.2545,12.8558,0.3259,0.2475,56.79,49.43,,,,
208e81c971f0a92d9cc17ca07ef2aad926a53863,549742cab6f4be56ccadcb258c380f9363bb066e,build.xml,build.xml,Ant,modified,0.0042,0.0044,11.1203,10.8749,0.0845,0.1238,25.06,25.22,0.33,0.33,0.482,0.472
208e81c971f0a92d9cc17ca07ef2aad926a53863,549742cab6f4be56ccadcb258c380f9363bb066e,__COMMIT_TOTAL__,__COMMIT_TOTAL__,ALL,SUMMARY,0.0042,0.0044,11.1203,10.8749,0.0845,0.1238,25.06,25.22,,,,
ae44501eee3ace9fd670d0e0a62d2ca076920c8b,7ae55f5a9ffb3e40b3f08382fa5f74c9693e06e9,build.xml,build.xml,Ant,modified,0.0143,0.0136,7.6192,8.8626,0.3802,0.2929,11.18,45.43,0.77,0.9,0.264,0.386
ae44501eee3ace9fd670d0e0a62d2ca076920c8b,7ae55f5a9ffb3e40b3f08382fa5f74c9693e06e9,__COMMIT_TOTAL__,__COMMIT_TOTAL__,ALL,SUMMARY,0.0143,0.0136,7.6192,8.8626,0.3802,0.2929,11.18,45.43,,,,
68ce18ab2b2bec4f866dc2306a79e69b38907742,485bb8e33ede789c578512250e5932f095d3466a,build.xml,build.xml,Ant,modified,0.0909,0.0842,7.5142,7.7176,0.04,0.0459,14.27,59.75,0.69,0.72,0.0,0.0
68ce18ab2b2bec4f866dc2306a79e69b38907742,485bb8e33ede789c578512250e5932f095d3466a,__COMMIT_TOTAL__,__COMMIT_TOTAL__,ALL,SUMMARY,0.0909,0.0842,7.5142,7.7176,0.04,0.0459,14.27,59.75,,,,
3fb402dd59c6363f096717a9d2f27b5559886a97,117dc3182e481c725db167aacbe22f9f86d61a66,build.xml,build.xml,Ant,modified,0.0774,0.079,11.6847,11.6963,0.1061,0.1061,36.33,36.33,0.92,0.92,0.219,0.221
3fb402dd59c6363f096717a9d2f27b5559886a97,117dc3182e481c725db167aacbe22f9f86d61a66,__COMMIT_TOTAL__,__COMMIT_TOTAL__,ALL,SUMMARY,0.0774,0.079,11.6847,11.6963,0.1061,0.1061,36.33,36.33,,,,
