File,Content Before Processing
../FilesExamples/build.xml,"<project name=""ExampleProject"" default=""compile"" basedir=""."">
    
    <!-- Initialize properties -->
    <property name=""src.dir"" value=""src""/>
    <property name=""build.dir"" value=""build""/>

    <!--
        This is a multi-line XML comment
        It should not be counted by BLOC
    -->
    <target name=""init"">
        <mkdir dir=""${build.dir}""/>
    </target>

    <target name=""compile"" depends=""init"" if=""src.dir"">
        <javac srcdir=""${src.dir}"" destdir=""${build.dir}""/>
    </target>

    <!-- Clean target -->
    <target name=""clean"" unless=""skip.clean"">
        <delete dir=""${build.dir}""/>
    </target>

    <target name=""run"">
        <condition property=""can.run"">
            <available file=""${build.dir}/Main.class""/>
        </condition>
        <echo message=""Ready to run.""/>
    </target>

</project>
"
../FilesExamples/pom.xml,"<project>
  <modelVersion>4.0.0</modelVersion>

  <GroupId>com.Example</GroupId> <!-- ❌ tag name is not lowercase -->
  <artifactId>My.App</artifactId> <!-- ❌ contains dot -->
  <version>1.0.0</version>

  <!-- Multi-line comment
       explaining the properties section
       should be ignored by BLOC -->
  <properties>
    <Java_Version>17</Java_Version> <!-- ❌ uses underscore and uppercase -->
    <project.build.sourceEncoding>UTF-8</project.build.sourceEncoding>
  </properties>

  <dependencies>
    <dependency>
      <groupId>org.springframework.boot</groupId>
      <artifactId>spring-boot-starter-web</artifactId>
      <version></version> <!-- ❌ empty value -->
    </dependency>
  </dependencies>

  <build>
    <plugins>
      <plugin>
        <groupId>org.apache.maven.plugins</groupId>
        <artifactId>maven-compiler-plugin</artifactId>
      </plugin>
      <plugin>
        <groupId>org.apache.maven.plugins</groupId>
        <artifactId>maven-compiler-plugin</artifactId> <!-- ❌ duplicate -->
      </plugin>
    </plugins>
  </build>
</project>
"
../FilesExamples/build.gradle,"class BuildScriptSimulation {

    def exampleMethodWithBadName() { // Violates MethodName rule
        def VeryLongVariableNameThatExceedsNormalConvention = ""This is a long variable name"" // Violates VariableName
        println ""This is a very long line that is intentionally written to exceed the maximum allowed length of 120 characters, just to trigger the LineLength rule in CodeNarc""

        (1..60).each { i -> // Violates MethodSize rule
            println ""Line $i""
        }

        /*
        This is a multi-line comment
        spanning multiple lines
        It should be ignored by the BLOC analyzer
        */
        println ""End of method""
    }

    class bad_class_name { // Violates ClassName rule
        String BAD_FIELD_NAME = ""oops"" // Violates FieldName rule

        def methodWithTooManyParameters(paramOne, paramTwo, paramThree, paramFour, paramFive, paramSix) { // ParameterName rule
            println BAD_FIELD_NAME
        }
    }
}
"
