Commit_SHA,Parent_SHA,File_Path,File_Name,Tool,Status,Additions,Deletions,Changes,BLOC_Before,BLOC_After,Cyclomatic_Complexity_Before,Cyclomatic_Complexity_After,Halstead_Volume_Before,Halstead_Volume_After,Clone_Density_Before,Clone_Density_After,Build_Cohesion_Before,Build_Cohesion_After,Build_Modularity_Before,Build_Modularity_After,Churn_Before,Churn_After,Change_Frequency_Before,Change_Frequency_After,Before_Smell_Count,After_Smell_Count,Before_Smell_Density,After_Smell_Density,Before_Smell_Summary,After_Smell_Summary,Smell_Count_Delta,Smell_Density_Delta,Introduced_Smells,Removed_Smells,Before_INSECURE_URL,Before_HARDCODED_PATH,Before_HARDCODED_CREDENTIAL,Before_DUPLICATE_DECLARATION,Before_MISSING_DEPENDENCY_VERSION,Before_WILDCARD_VERSION,Before_EMPTY_TAG,Before_LACK_ERROR_HANDLING,Before_SUSPICIOUS_COMMENT,Before_COMPLEX_BUILD_LOGIC,Before_EXEC_USAGE,Before_DUPLICATE_TARGET,Before_EXCESSIVE_TARGET_DEPENDENCIES,Before_LONG_LINE,Before_BAD_CLASS_NAME,Before_BAD_METHOD_NAME,Before_LONG_VARIABLE_NAME,Before_BAD_FIELD_NAME,Before_TOO_MANY_PARAMETERS,Before_LARGE_LOOP,Before_DUPLICATE_LOGIC_BLOCK,After_INSECURE_URL,After_HARDCODED_PATH,After_HARDCODED_CREDENTIAL,After_DUPLICATE_DECLARATION,After_MISSING_DEPENDENCY_VERSION,After_WILDCARD_VERSION,After_EMPTY_TAG,After_LACK_ERROR_HANDLING,After_SUSPICIOUS_COMMENT,After_COMPLEX_BUILD_LOGIC,After_EXEC_USAGE,After_DUPLICATE_TARGET,After_EXCESSIVE_TARGET_DEPENDENCIES,After_LONG_LINE,After_BAD_CLASS_NAME,After_BAD_METHOD_NAME,After_LONG_VARIABLE_NAME,After_BAD_FIELD_NAME,After_TOO_MANY_PARAMETERS,After_LARGE_LOOP,After_DUPLICATE_LOGIC_BLOCK
d1bc41da823c11b00101ededb6184048a69af19b,8c441d4ae5fe47597c44e2b429ce3b6fede39566,FilesExamples/TestScript.groovy,TestScript.groovy,Gradle/Groovy,modified,55,0,55,24,66,3,8,188.02,650.73,0.5,0.364,0.0,0.0,0.5977,0.5977,55,110,2,3,8,21,307.6923,300.0,BAD_FIELD_NAME;BAD_METHOD_NAME;DUPLICATE_DECLARATION;LARGE_LOOP;LONG_VARIABLE_NAME;TOO_MANY_PARAMETERS,BAD_CLASS_NAME;BAD_FIELD_NAME;BAD_METHOD_NAME;COMPLEX_BUILD_LOGIC;DUPLICATE_DECLARATION;DUPLICATE_LOGIC_BLOCK;LARGE_LOOP;LONG_LINE;LONG_VARIABLE_NAME;SUSPICIOUS_COMMENT;TOO_MANY_PARAMETERS,13,-7.6923,1,0,0,0,0,1,0,0,0,0,0,0,0,0,0,0,0,1,1,1,1,1,0,0,0,0,1,0,0,0,0,1,1,0,0,0,1,1,1,1,1,1,1,1
d1bc41da823c11b00101ededb6184048a69af19b,8c441d4ae5fe47597c44e2b429ce3b6fede39566,FilesExamples/TestScript.groovy,TestScript.groovy,Gradle/Groovy,modified,55,0,55,24,66,3,8,188.02,650.73,0.5,0.364,0.0,0.0,0.5977,0.5977,55,110,2,3,8,21,307.6923,300.0,BAD_FIELD_NAME;BAD_METHOD_NAME;DUPLICATE_DECLARATION;LARGE_LOOP;LONG_VARIABLE_NAME;TOO_MANY_PARAMETERS,BAD_CLASS_NAME;BAD_FIELD_NAME;BAD_METHOD_NAME;COMPLEX_BUILD_LOGIC;DUPLICATE_DECLARATION;DUPLICATE_LOGIC_BLOCK;LARGE_LOOP;LONG_LINE;LONG_VARIABLE_NAME;SUSPICIOUS_COMMENT;TOO_MANY_PARAMETERS,13,-7.6923,1,0,0,0,0,1,0,0,0,0,0,0,0,0,0,0,0,1,1,1,1,1,0,0,0,0,1,0,0,0,0,1,1,0,0,0,1,1,1,1,1,1,1,1
3510e64,75654fead040f019715afe2db3f8d7bb8b9dfc77,FilesExamples/build.gradle,build.gradle,Gradle,modified,2,0,2,16,16,1,1,97.67,97.67,0.0,0.0,0.0,0.0,0.35,0.35,68,70,1,2,7,7,333.3333,318.1818,BAD_CLASS_NAME;BAD_FIELD_NAME;LARGE_LOOP;LONG_LINE;LONG_VARIABLE_NAME;TOO_MANY_PARAMETERS,BAD_CLASS_NAME;BAD_FIELD_NAME;LARGE_LOOP;LONG_LINE;LONG_VARIABLE_NAME;TOO_MANY_PARAMETERS,0,-15.1515,0,0,0,0,0,0,0,0,0,0,0,0,0,0,0,1,1,0,1,1,1,1,0,0,0,0,0,0,0,0,0,0,0,0,0,0,1,1,0,1,1,1,1,0
cf3920e,a72e7f667f08215564c0bb5247ff956850acd675,FilesExamples/pom.xml,pom.xml,Maven,modified,2,0,2,29,29,1,1,194.95,194.95,0.0,0.0,0.0,0.0,0.35,0.35,98,100,2,3,2,2,62.5,60.6061,DUPLICATE_DECLARATION;EMPTY_TAG,DUPLICATE_DECLARATION;EMPTY_TAG,0,-1.8939,0,0,0,0,0,1,0,0,1,0,0,0,0,0,0,0,0,0,0,0,0,0,0,0,0,0,1,0,0,1,0,0,0,0,0,0,0,0,0,0,0,0,0,0
a72e7f6,3510e648f816a19be98cf5c277f02f1aa1b418f0,FilesExamples/build.xml,build.xml,Ant,modified,2,0,2,19,19,5,5,78.14,78.14,0.0,0.0,0.0,0.0,0.35,0.35,30,32,3,4,0,0,0.0,0.0,,,0,0.0,0,0,0,0,0,0,0,0,0,0,0,0,0,0,0,0,0,0,0,0,0,0,0,0,0,0,0,0,0,0,0,0,0,0,0,0,0,0,0,0,0,0,0,0
cd20029b7f1700a5f0d1209170a11abb286be7e1,820b09c1d94991c3dc18f2c366f0dcc1a48381b9,FilesExamples/pom.xml,pom.xml,Maven,modified,29,47,76,55,46,5,1,401.82,338.61,0.364,0.196,0.0,0.0,0.5949,0.5949,76,152,6,7,11,10,171.875,212.766,DUPLICATE_DECLARATION;EMPTY_TAG,DUPLICATE_DECLARATION;EMPTY_TAG;INSECURE_URL;LACK_ERROR_HANDLING;MISSING_DEPENDENCY_VERSION;SUSPICIOUS_COMMENT;WILDCARD_VERSION,-1,40.891,0,1,0,0,0,1,0,0,1,0,0,0,0,0,0,0,0,0,0,0,0,0,0,1,0,0,1,1,1,1,1,1,0,0,0,0,0,0,0,0,0,0,0,0
cd20029b7f1700a5f0d1209170a11abb286be7e1,820b09c1d94991c3dc18f2c366f0dcc1a48381b9,FilesExamples/pom.xml,pom.xml,Maven,modified,29,47,76,55,46,5,1,401.82,338.61,0.364,0.196,0.0,0.0,0.5949,0.5949,76,152,6,7,11,10,171.875,212.766,DUPLICATE_DECLARATION;EMPTY_TAG,DUPLICATE_DECLARATION;EMPTY_TAG;INSECURE_URL;LACK_ERROR_HANDLING;MISSING_DEPENDENCY_VERSION;SUSPICIOUS_COMMENT;WILDCARD_VERSION,-1,40.891,0,1,0,0,0,1,0,0,1,0,0,0,0,0,0,0,0,0,0,0,0,0,0,1,0,0,1,1,1,1,1,1,0,0,0,0,0,0,0,0,0,0,0,0
cd20029b7f1700a5f0d1209170a11abb286be7e1,820b09c1d94991c3dc18f2c366f0dcc1a48381b9,FilesExamples/pom.xml,pom.xml,Maven,modified,29,47,76,55,46,5,1,401.82,338.61,0.364,0.196,0.0,0.0,0.5949,0.5949,76,152,6,7,11,10,171.875,212.766,DUPLICATE_DECLARATION;EMPTY_TAG,DUPLICATE_DECLARATION;EMPTY_TAG;INSECURE_URL;LACK_ERROR_HANDLING;MISSING_DEPENDENCY_VERSION;SUSPICIOUS_COMMENT;WILDCARD_VERSION,-1,40.891,0,1,0,0,0,1,0,0,1,0,0,0,0,0,0,0,0,0,0,0,0,0,0,1,0,0,1,1,1,1,1,1,0,0,0,0,0,0,0,0,0,0,0,0
cd20029b7f1700a5f0d1209170a11abb286be7e1,820b09c1d94991c3dc18f2c366f0dcc1a48381b9,FilesExamples/pom.xml,pom.xml,Maven,modified,29,47,76,55,46,5,1,401.82,338.61,0.364,0.196,0.0,0.0,0.5949,0.5949,76,152,6,7,11,10,171.875,212.766,DUPLICATE_DECLARATION;EMPTY_TAG,DUPLICATE_DECLARATION;EMPTY_TAG;INSECURE_URL;LACK_ERROR_HANDLING;MISSING_DEPENDENCY_VERSION;SUSPICIOUS_COMMENT;WILDCARD_VERSION,-1,40.891,0,1,0,0,0,1,0,0,1,0,0,0,0,0,0,0,0,0,0,0,0,0,0,1,0,0,1,1,1,1,1,1,0,0,0,0,0,0,0,0,0,0,0,0
